,trend_ratio,rsi_14,atr_pct,zscore_close_20,futures_basis,futures_oi_change_pct,atm_iv_level,fwd_return_10,target_h10
2024-07-10,0.03359984254184156,69.27564148170597,0.008163593531300823,1.1475924781628586,0.00239268649935714,-0.03083949388683538,11.705642,0.0033567210460025976,1
2024-07-11,0.0342511646961865,68.89556353943235,0.007990196075056466,1.0301477627235611,0.008457444099752498,0.020257955208062173,12.797755,0.02133991915992639,1
2024-07-15,0.03562373244963202,73.92150892767994,0.007857903762344283,1.4715925141782698,0.0023488627219207837,0.031694026390421515,13.630606,0.011006014271880638,1
2024-07-18,0.036648470411654976,77.41169033248136,0.007520336808017934,1.7099078324976182,-0.01095727016030439,-0.01624774191750178,15.735701,0.008469499414673232,1
2024-07-22,0.03693259482838984,64.55700028282124,0.008251109912584025,0.7786378315614438,-0.0018829625549538014,-0.17636642454163287,22.50984,-0.018509354248905985,0
2024-07-23,0.03670942810747291,63.301621744900075,0.009219549724768074,0.6282245572202271,-0.0036889004421350718,-0.1979579638977993,13.417676,-0.019874136638200035,0
2024-07-24,0.036101404878538634,60.54925071421652,0.009278533777418232,0.294436932999776,0.0017162635427120836,0.3962616171066,11.946542,-0.004751469473856629,0
2024-07-25,0.03521634258856321,60.23085105299231,0.009560403935633361,0.16519453881969945,0.02086979889360717,0.09538967197441228,8.30146,-0.011845383490279193,0
2024-07-29,0.034034153786555166,70.0786744397539,0.010493516641203788,1.8625623014162704,0.0037445650519896145,0.023801177790241157,9.481659,-0.01969309259777563,0
2024-07-30,0.033402404370655114,70.49634460629471,0.01062838973073155,1.748953031066436,0.006269756323162786,0.05476769267641313,9.570115,-0.0288969742761378,0
2024-07-31,0.032981482368460435,72.33714584882676,0.010041199588172975,1.9479855676566011,0.003250335479740922,0.017184629267754215,9.099528,-0.03235924508428145,0
2024-08-01,0.032348898861317865,73.47196405084908,0.009783741948139643,1.9076452661421508,0.0008536121867488871,-0.003996681133520585,8.286647,-0.01878181083700925,0
2024-08-05,0.029881896567476307,42.128375810519046,0.012366301379863468,-2.0842713935553605,5.405770989365254e-05,-0.13852306063678044,16.446454,0.026740135787316266,1
2024-08-07,0.026844262324208,48.869729540209306,0.013300013871944499,-0.9048723968373255,-0.006624138285831906,-0.0818674953091324,12.338897,0.02115443975717657,1
2024-08-08,0.025356485700970044,44.9866329163498,0.013145290546013778,-1.446519310428545,0.011796657959115976,-0.05136483412763837,12.443226,0.029280192006675865,1
2024-08-12,0.02213262048549347,50.35520048921879,0.012499488881733743,-0.6419821758446939,-0.007639544913130981,0.024732952859213952,11.309604,0.02754959543270208,1
2024-08-13,0.01983355374268103,45.72448479764929,0.012744639676161282,-1.2192171856315235,0.0014768631674883573,-0.03893554913355013,12.252316,0.037837093888520634,1
2024-08-19,0.013774251025259199,55.636412185354466,0.011755961807812994,0.3009563028101169,0.005640401306807294,-0.06580453540302644,10.012268,0.028733116570704764,1
2024-08-20,0.012592241765604584,58.20048193335386,0.011662783600265505,0.669675857921329,0.00402044598009576,-0.005047492846484314,10.220642,0.023523362795790703,1
2024-08-21,0.011955573661453611,59.621415836912824,0.011644615797303054,0.8343320841281445,0.0028361007769700875,-0.015142326674939088,9.087285,0.017299013068721836,1
2024-08-22,0.011480541495889396,60.459327062691656,0.011538866895679133,0.883524631514793,0.0017129153819801302,0.03507957559681696,9.584876,0.013445362407553008,1
2024-08-26,0.009998669640930435,64.55448544764045,0.009046170145561834,1.338884989756676,0.00028389525784656554,-0.26510575400638825,11.89494,-0.002966710910928594,0
2024-08-27,0.009028418902759405,64.69649173312496,0.008122096035029414,1.2946609091572103,0.0012231315765805697,-0.27298738740982664,10.221866,0.0009333217165812258,1
2024-08-28,0.008114782145579369,65.41845774278644,0.0075970996046325805,1.3233870434180963,0.0043608840020384855,1.341322529945569,11.27051,-0.005344823647794428,0
2024-08-29,0.007209277032373729,67.48012635178691,0.007378446443805288,1.513529081753126,0.008943671891731859,0.019684471915176305,23.907914,0.009420787622231641,1
2024-09-02,0.0059905947639222745,69.9953386339583,0.006355582318708698,1.560018447467959,0.0030005808682488843,0.08046609994672416,10.110553,0.004155703596175675,1
2024-09-03,0.00702789331902598,70.01912895900108,0.005910131146788647,1.4094057924599273,-0.0012677927230672753,0.012061394406766901,10.164189,0.005486629628665307,1
2024-09-04,0.008122158035577476,66.04120394411297,0.006210494097703677,1.1230955604520145,0.001510029582070131,-0.023310367454068226,10.090049,0.007097650594873439,1
2024-09-05,0.008678595553420765,63.476095180304995,0.005449792480666647,0.8970918998244158,-0.009508795474640118,-0.04109407279262334,11.334485,0.010765563711430781,1
2024-09-09,0.009790855982567459,54.29852281377261,0.006338395985707346,0.24313777345576515,0.0058789403072832865,-0.06896376569169571,11.32531,0.040208304924473026,1
2024-09-10,0.010354931992181626,57.40478046240823,0.006597853009529501,0.46504429124411517,-0.00409924527981067,0.0018624776596745107,10.685054,0.03591299085417621,1
2024-09-11,0.011299592173411588,52.87124561853473,0.007006980874509373,-0.01945316434662822,0.01757134954130839,0.09915874863859986,9.93612,0.043570174144627716,1
2024-09-12,0.012785987822599543,64.46402227463878,0.008081691790516014,1.6859468942997837,-0.0006420282239171126,-0.01589145565187089,9.490949,0.03257921288038257,1
2024-09-16,0.01431307670510984,63.894928996611974,0.007879182890839893,1.471395565974623,0.0026020584035061516,-0.04795987806487001,11.314747,0.016825709730634797,1
2024-09-17,0.014870070593629547,64.67085442900222,0.007656095955825991,1.4993281981512616,-0.0008832439521517599,-0.03429507108641783,11.451909,0.014884782874958091,1
2024-09-18,0.01523010059176877,62.95430326833908,0.007674792587154383,1.1992515779529023,0.004395586465830887,-0.01592495595807475,13.02929,-0.005022201432029694,0
2024-09-19,0.015644351432256842,63.91655437862427,0.007999079593936692,1.2740614932206493,0.013847654133708961,0.05647623159207549,12.047975,-0.015785501913871514,0
2024-09-23,0.016934847246714346,74.0591904561488,0.008978997361582017,2.4921746946374053,0.00021778818344749361,-0.34782577110072666,10.42462,-0.035695230270117895,0
2024-09-24,0.017613671313272405,74.08052007806047,0.00878206981910747,2.0764959490869304,0.0022281695156829507,-0.2497375331738575,11.31461,-0.03694820270474275,0
2024-09-25,0.01836648690727838,75.12112794501051,0.008798314357335323,1.9330451576590755,0.011717345300573582,1.3822258679949817,9.794472,-0.03867464065419246,0
2024-09-26,0.0191910863541771,78.24728342892666,0.008414006865128696,2.1079839930912403,0.00492443426461222,0.014911071119732666,5.551852,-0.047749403283323666,0
2024-09-30,0.019974842897309664,61.28168539418512,0.008747424561313994,0.7812948978972157,0.006136969259914091,-0.10933793897524469,10.859966,-0.029193149834413568,0
2024-10-03,0.019432362217361776,45.40529649321509,0.00891778439213857,-0.6069702591580783,-0.0030197745971145026,-0.04899552705742427,13.005253,-0.01981180303202701,0
2024-10-07,0.01825252561357127,36.769744217927204,0.011153405690563332,-1.6106201779463658,0.013546676345744793,0.017470501875917588,14.996392,-0.0005908428107639363,0
2024-10-08,0.01826076652744857,42.610328716582735,0.011621308884943568,-1.1340413159935918,0.0028284965416239057,-0.013249751945689892,12.564504,-0.021630653188443927,0
2024-10-09,0.018024111167916468,42.01055822574789,0.011892303132353173,-1.18978802476007,0.005441960515553554,0.011752366269445202,11.968812,-0.021873762289928433,0
2024-10-10,0.01806906550498133,42.47171580701558,0.01165230204793284,-1.175344823668732,0.002044158051679114,-0.013873003581108434,11.949326,-0.023963439607113113,0
2024-10-14,0.016659683272127968,46.537577318166356,0.01075538952039767,-0.7584737908570679,-0.00038201361625001613,-0.015336568560396335,10.79693,-0.03139129346601888,0
2024-10-15,0.015732873314113105,44.82038958499787,0.011011458635943187,-0.8611507782536149,-0.0003412016637147435,0.008478656351641911,10.63478,-0.023565940101624716,0
2024-10-16,0.014099427865153169,42.74988451668984,0.011116623143116683,-0.9728137780865957,-0.005105892655209064,-0.013804564106675632,10.85447,-0.025247029676098487,0
2024-10-17,0.012236635603954493,37.89776019205523,0.011354906433695975,-1.3076992526118767,0.008052589966021791,-0.020562498614262403,12.247977,-0.022000133681367884,0
2024-10-21,0.008124415731106893,39.64945822556655,0.011647420261659172,-1.0429249610811722,-0.00979777383579648,-0.01017734423192651,10.782033,-0.03170763252582787,0
2024-10-22,0.005120611872661662,33.6104354343133,0.012576132589037909,-1.4638095576985144,0.00043111914357196035,-0.017165868756479852,12.937741,-0.010575260490761407,0
2024-10-23,0.002054622956930041,32.96989054462341,0.011599785888578386,-1.3819317287689823,0.0006752470790448323,-0.0067287573904831754,12.659328,0.001986895346933748,1
2024-10-24,-0.0013463066249405076,32.315706684603285,0.010508024985199397,-1.3263459251908445,-0.008469486434773268,-0.06364170572812444,12.436824,-0.00819900399383855,0
2024-10-28,-0.008927019209113651,34.4701139536828,0.01049940494556354,-1.3220967613701464,0.00569245874039907,-0.30343933214908225,10.736818,-0.008128862602007958,0
2024-10-29,-0.01151849874600075,38.82870897917901,0.010611883980361591,-0.9731597778048897,-0.0039154860925900755,-0.2720314885210572,12.548624,-0.023844524323289207,0
2024-10-30,-0.014135488902322524,36.26558958565254,0.010773186632072258,-1.3286296336689434,0.0019494139024105188,0.7377830407841879,15.965264,-0.032118797850995584,0
2024-10-31,-0.01577272273595831,33.690034874467074,0.011102767656938477,-1.5875725388445598,0.0073661563870138745,0.0037667902546132392,16.030745,-0.02778932762716535,0
2024-11-04,-0.01773687822244363,31.58135087012677,0.011986098775905623,-1.808516703176968,0.012506606301237273,0.05347061638297812,15.043168,-0.019872584360625223,0
2024-11-05,-0.018707690948401523,38.62245015274729,0.012472184121611694,-1.0761940882933496,0.015437763819439959,-0.006019014716379112,13.723433,-0.03565810371849798,0
2024-11-06,-0.019283361814257938,46.05008699728606,0.012430388414068478,-0.2440021788451147,-0.00749674891993624,0.03031333079709242,12.336156,-0.023558225164755697,0
2024-11-07,-0.02021109324244752,40.49997954974209,0.012593601909382041,-0.9820216444375631,0.0008471463471504436,-0.012174099232454938,12.358455,0.0009318755096321407,1
2024-11-11,-0.02217243889110987,39.44651365227022,0.012052251611726727,-0.9901135171787777,-0.007526553059275262,0.033794050707664613,12.345421,0.00553406838287529,1
2024-11-12,-0.023430641328410773,34.82249849811599,0.012710827537403147,-1.7341442814068997,-0.009416530112134757,0.02791613179289687,12.419343,0.0012854580422536621,1
2024-11-13,-0.02491498699970951,30.04997184746506,0.013596521885699497,-2.4549682126238617,0.001810311423240535,0.020693186359397986,13.531079,0.02428148881873793,1
2024-11-18,-0.027545425946104873,28.601363990806945,0.012817287957178165,-2.0963967754802453,0.0034535647124091552,-0.062242296947327636,13.227669,0.04277982996159513,1
2024-11-21,-0.03006306949252735,28.344955998670798,0.013020086276513276,-1.898363279928007,0.022982950693462678,-0.12934174446089852,13.319612,0.0581801197124352,1
2024-11-25,-0.030054189762340977,51.07388686618139,0.014579480219917475,0.561071419336883,-0.00019818389753016363,-0.2010954401616436,17.062511,0.01639423839463472,1
2024-11-26,-0.029090066611293652,50.50582839263795,0.013761388592227275,0.48168253734011773,0.004341895885428476,-0.22288672621150396,14.747297,0.017175423391679878,1
2024-11-27,-0.02837042949573021,52.186305208321805,0.013193811495313923,0.7219835316952075,-0.006576768104336165,0.8965105239443871,17.063078,0.015114393250680314,1
2024-11-28,-0.028333041718927587,44.831159200808955,0.013807575146005379,-0.23073515068526282,0.0163083196770349,-0.0355452699993849,56.40927,0.026534450012230426,1
2024-12-02,-0.026731313839864823,52.315565158801675,0.013700448085006619,0.8747944115325837,0.011161173668299953,0.023623727098774916,13.79201,0.016155808137167105,1
2024-12-03,-0.02566326124120155,55.69927842085148,0.013228373508162913,1.3582682079643786,0.004274807477778648,-0.007238763157725092,12.086362,-0.0049535775300887375,0
2024-12-04,-0.02365516653276145,55.890968403048255,0.012650759189009066,1.2599921187054648,0.01213452119980191,-0.03260742529899874,12.5776,-0.010977834549633636,0
2024-12-05,-0.02166988019202787,60.22709403050948,0.013071884316924414,1.7190112357126024,0.003029318296274649,0.016419226088201677,12.123319,-0.030625259422383033,0
2024-12-09,-0.01830629538516282,57.84019463156993,0.012560404946382876,1.3008045923526155,0.002583370567447847,-0.011100227815502461,13.012176,-0.035157836681018684,0
2024-12-10,-0.016075681958593102,57.587989327079995,0.012101459073312068,1.1777144509954334,0.005073098786334974,-0.007440926654676883,12.775147,-0.035855285243754365,0
2024-12-11,-0.013815722110286921,58.28298324482638,0.011658459453436264,1.148987846167526,0.00027389308151272646,-0.0029242323329499165,12.862337,-0.036182484000050086,0
2024-12-12,-0.011435429164104782,55.4153717267009,0.010367432228426964,0.8592507265587417,0.011489438961172046,-0.023323025021085186,13.424458,-0.029952659469768883,0
2024-12-16,-0.0053256635871812286,57.248007273484134,0.010690133744431464,0.9068792849960757,-0.010158807373850944,0.01926517829385954,14.679825,-0.041488521429367764,0
2024-12-17,-0.002963335753398688,48.31621896637755,0.011293665102258854,0.05437741665218639,-0.0032318376068376665,-0.010595972626694206,16.00011,-0.024371285723824743,0
2024-12-18,-0.0010794249177603632,45.18246625478438,0.010685266189405842,-0.4293244653885388,-0.007440420196886004,-0.01946197003637562,14.239266,-0.00042147535583880735,0
2024-12-19,0.0010268726966411457,40.131173110993316,0.010957308170775705,-1.5440092884566683,-0.01361278027801714,-0.02198841195320067,16.476987,0.0022149067907661912,1
2024-12-23,0.0015796567915167259,38.62240474205816,0.011987433169069124,-1.7247333195907741,0.0007220332968089712,-0.4550249305896191,11.362027,-0.001917566905990431,0
2024-12-26,0.001694799554758042,38.838311743422295,0.010829091494697752,-1.3957029276241129,0.010208368317963184,1.0439898458083374,8.738804,-0.009418835467005171,0
2024-12-30,0.002610057499353946,37.40339094958178,0.011630119814867303,-1.4771996558556906,0.006806948082505506,0.13646138389517115,13.209733,-0.023639396345125574,0
2024-12-31,0.0022210684533041647,37.40144261936684,0.011818219815435772,-1.33115412468538,0.010702108302416448,-0.001561183339352401,13.211405,-0.019824654237379447,0
2025-01-01,0.0016646068629562194,40.67872463539656,0.012226969163890686,-1.0046002938457874,0.022733094967122225,-0.06373559299044118,13.768302,-0.02230987634872761,0
2025-01-02,0.0015788095456661377,52.776741779587205,0.012995321385773423,0.02150388446290806,-0.00397915506118122,0.014807258152141012,11.837873,-0.03625045611122013,0
2025-01-06,-0.0010126365968332607,40.69574481122941,0.01321210394252944,-1.1226207187804502,0.007579557666437437,0.003368725773032377,14.480771,-0.011487982633633265,0
2025-01-07,-0.002329528519598778,43.00252274397806,0.01260157293623689,-0.8189520689293965,0.0030981068827184415,0.021853830892175408,13.27384,-0.028819506946729967,0
2025-01-08,-0.0038338273374095566,42.634037723689744,0.012645122517358238,-0.7821232537674203,-0.001724399776992597,0.055201768313082766,13.111313,-0.022525254474041856,0
2025-01-09,-0.0054775978564715055,39.508780497282835,0.012301009205804398,-1.0982550620818265,-0.0010987609716701823,-0.0071749552825264296,13.733497,-0.013650580860944062,0
2025-01-13,-0.009407071334753825,32.19936124944938,0.011997383322575545,-2.063370436870766,0.008048219264863318,0.015544557927982927,15.046367,-0.011123598414417013,0
2025-01-14,-0.01166529707402053,34.893834032486,0.011939954082545043,-1.7802326378498818,0.0038768131636426903,-0.015817389312810626,13.877245,-0.009440813851987917,0
2025-01-15,-0.013106553345312855,36.02274203299743,0.011755610292625954,-1.5516467552234854,0.007080057328644653,-0.0026188840377355804,12.22031,-0.002158238030996351,0
2025-01-20,-0.014694425175433179,41.34037178592105,0.01131073056920109,-0.8100291998490652,-0.010347080178626854,0.07938389064392237,14.741939,0.005885708376615728,1
2025-01-21,-0.0152503794904848,35.371321822943074,0.012055705485581636,-1.6652125746874227,0.007570130552165548,-0.03343775304338281,16.16309,0.01461044510634446,1
2025-01-22,-0.015629699941276498,39.22961608322069,0.011075962046095079,-1.1229098332301426,0.004679281136015863,-0.0318256767238243,13.652737,0.02521665189579325,1
2025-01-23,-0.01599905980561933,40.68840145121706,0.010928052797439226,-0.8754190789543835,-0.0039408847922744825,-0.031319090272456274,14.920936,0.021156809965778622,1
2025-01-27,-0.017966982093818196,33.76722285951797,0.010749578264641116,-1.6693590738847062,0.006507014358099108,-0.3210042430137888,18.862982,0.032011652454009276,1
2025-01-28,-0.018935456917324123,37.736311781805085,0.010854809181428835,-1.1705348379080003,0.008319811824151412,-0.29004403812921564,19.951083,0.018484339778283454,1
2025-01-29,-0.019913016341458367,43.586719627282086,0.010880613695469322,-0.5246973727652745,0.011017540611089451,1.7161095800061243,29.50659,-0.003941563506813517,0
2025-01-30,-0.02166334883659482,45.885082730260116,0.010626968648327307,-0.17331121005116926,0.01594442891244976,0.027678284926327068,6.096578,-0.0087851351641971,0
2025-01-31,-0.022835499512958823,52.17306770466727,0.010245743866230759,0.969211469110954,0.002005649410063742,-0.021519259737465046,14.380739,-0.02029061918607722,0
2025-02-03,-0.02278951157233311,48.50054117517337,0.011068950309178729,0.5255151266712076,0.018164817273142172,-0.03995308261857633,12.083451,-0.01718890066247758,0
2025-02-04,-0.02230966285434166,56.97900432335311,0.011564333301614717,2.2500129416210686,0.0014048464041618225,-0.005044198497969776,11.688603,-0.03344457886201124,0
2025-02-05,-0.021476589394515577,55.85442173344421,0.011330281994974023,1.8880888201737642,-0.0003123179992657127,0.010487158535319008,11.560564,-0.03221601538874164,0
2025-02-10,-0.01821853215371738,47.677907674858766,0.011063494499195598,0.3186355927654422,-0.009770486758459427,0.027015797562457644,13.178585,-0.03542315384050576,0
2025-02-11,-0.017369384292414525,40.979573662485436,0.011903215957695341,-0.9077940044608809,0.0022559668941098832,0.019214456300923555,13.565098,-0.022722543635434245,0
2025-02-12,-0.016751894355989227,40.45500291853248,0.01206895629057429,-0.9374972783965254,0.002712055629685076,-0.017029740157749162,12.946204,-0.02170508971480023,0
2025-02-13,-0.01572054262853584,40.16617312560998,0.011883935774358131,-0.9371784412297156,-0.0015522456306890852,0.0065217580089098615,13.514371,-0.03936804347529277,0
2025-02-17,-0.013894444385052274,39.05368780989357,0.012147330032619549,-1.0647207257715698,0.0005705699165921969,-0.03480897984538933,15.795383,-0.03819114568588167,0
2025-02-18,-0.012946065222227077,38.72429913969447,0.012180213186061504,-1.0484283202602023,0.0008367385955423539,-0.007186945503466102,13.726133,-0.02649780039043259,0
2025-02-19,-0.012090597245417611,38.41954165138871,0.011993062787563898,-1.0143342326195577,0.0004185955204743458,-0.016089604782763334,13.665365,-0.016927696246990975,0
2025-02-20,-0.011095514348730351,37.907840631392396,0.011398638183091673,-1.0265841291064088,-0.003951896141791592,-0.07987390017249507,12.173729,-0.015739886679771553,0
2025-02-24,-0.008574586992784239,29.73507526032391,0.010997578224894704,-1.9490644669180541,0.0012769894992905922,-0.48869219293883637,15.286434,-0.002458580198080651,0
2025-02-27,-0.008477932687729006,29.569194380891545,0.010596559502846619,-1.5186928749925899,-0.011754277416416086,1.3218898311678209,316.807117,-0.006558049655091658,0
2025-03-03,-0.011572348979988045,22.321091581515375,0.011425227901850323,-1.8560165874066652,0.003243738102735117,0.016352106422725443,12.737142,0.03232471076147614,1
2025-03-04,-0.012902208609999799,21.788394870595127,0.010639747421097174,-1.6802249295701386,0.01624350352108465,-0.020403873892437696,12.173081,0.03735734634010357,1
2025-03-05,-0.014740477073105551,33.63870834413679,0.01045689561295202,-1.0818786526882582,0.012698455445793915,0.015641630801980666,12.089075,0.038202897374749245,1
2025-03-10,-0.018768596438688112,39.332650351402414,0.010006712239966851,-0.6468753675454737,0.004630357347521297,-0.029061747929930326,11.937185,0.0537993511816075,1
2025-03-11,-0.01970681957174092,40.80856868752832,0.010042058116162255,-0.4673457997892003,0.00144233945441951,-0.00682164325237522,12.18695,0.04395740053867869,1
2025-03-12,-0.019928599121980084,40.04402357092675,0.01009483266950001,-0.4792600350159377,-0.0011681983044436039,0.00600080755319965,11.551222,0.049907621937651525,1
2025-03-17,-0.019672069263284797,42.79449669625264,0.01034329283651596,-0.18702292144349852,0.017177764202810083,-0.04555954551471186,13.36922,0.029186392791692217,1
2025-03-18,-0.01921203028855245,53.99095131343237,0.010420899870468698,1.0191988825767375,0.006071971289081476,-0.01914293000013423,12.206815,0.021811433286101023,1
2025-03-19,-0.018641866509888305,56.075502151883626,0.010454126064512594,1.3156801900359414,0.012775253436210401,-0.06259064994298746,12.783912,0.014951370106007555,1
2025-03-20,-0.017682103895489187,63.03950616692797,0.010955475088212109,2.1363476417070615,0.008158443432508643,-0.06886199866684184,9.701847,-0.012341230929456826,0
2025-03-24,-0.01519492956870927,71.49017819078647,0.010531164523812963,2.5560935281652126,0.0019866301496522768,-0.18843730078276044,17.379748,-0.04744625126155,0
2025-03-25,-0.013795712113432779,71.64777807768957,0.010869102006269287,2.1457782635308686,-0.0062002010339856735,-0.3932728958483569,19.600011,-0.053636349307979114,0
2025-03-26,-0.012032197289438828,64.83561129118522,0.01082459481832236,1.5451969401220238,0.012381413235980602,0.7578529586552338,20.666174,-0.028028400533643083,0
2025-03-27,-0.010087021224778225,66.80078267379496,0.010545211196701319,1.5429866273342083,0.001937134605803584,0.010999360081136889,442.937323,-0.011164759429486248,0
2025-04-01,-0.005852657541656758,53.03057738437465,0.011389836030135476,0.5547140862911943,0.011795490335505837,0.00357083144242476,12.695356,0.029610639652948745,1
2025-04-02,-0.003205061407294263,56.824101362189715,0.011259963315656846,0.7819259567910753,-0.0002742805367714828,0.0339033474944368,12.358494,0.03399576918546976,1
2025-04-03,-0.0008631667597234216,54.48515606278791,0.011111469532514604,0.5479546936549453,-0.012556918648953978,0.04772565088280656,11.557627,0.03944715962658418,1
2025-04-07,0.0006630621572341067,33.68632486681098,0.015360215577608433,-1.718496137238216,0.021151469157790558,-0.016368499975282447,24.492455,0.09408615109592278,1
2025-04-08,0.0011115711077196444,42.065143844970315,0.015696406834918346,-0.943920353727014,-0.0024937870259668085,-0.019801537885937304,20.7198,0.06671592267701931,1
2025-04-15,0.003909818668745402,55.969472182238704,0.01680236173088698,0.5965949384992769,0.004498745752965996,-0.08038466139884126,14.288439,0.04310805445781374,1
2025-04-16,0.00601002961495789,57.43927111816953,0.016178326669477973,0.7492957556801412,0.017668526746093212,-0.03994523636949343,12.946646,0.038805831341502284,1
2025-04-21,0.0108765612373527,65.53034405201471,0.016778727317638263,1.8079070763635348,0.0018009627694704508,-0.24146786859646518,13.404969,0.010530280963468863,1
2025-04-22,0.012906188551449649,65.97134066227866,0.016561651883156513,1.6469544971711458,0.006018475416110676,-0.37054239825779234,14.315568,0.010226665864961904,1
2025-04-23,0.014860276649157234,67.69719155420327,0.016570047161215316,1.6942614930284472,0.0018106322987451774,1.072938346352407,14.719982,-0.002266782547990065,0
2025-04-24,0.016321529856399675,65.8672360069573,0.01575117171807604,1.3919871726563724,-0.0044376852197182725,0.02025621801349553,14.987489,-0.009844606748180107,0
2025-04-28,0.01751723295812102,64.96152009314287,0.017034826649153404,1.3417127073776591,0.003978872515773651,0.11362881169644456,15.661542,0.010269832064245588,1
2025-04-29,0.018515793790926605,65.05180577924877,0.01636701229747172,1.2328327101755108,0.0033880240507107896,0.021207982831632943,9.335265,0.013599271139997926,1
2025-05-05,0.021190113557481682,66.81552010810762,0.012921506603212821,1.0978003760457444,-0.0012162302324260556,0.01349665673989997,14.992248,0.019798693863172234,1
2025-05-06,0.02217134966377765,64.49617871491148,0.011948363452706985,0.9025311675652544,0.003355280313690866,-0.02724924045860777,14.869331,0.012481779279631233,1
2025-05-07,0.023398331825925878,65.05366541032495,0.011023790287885273,0.8617066376375406,-0.005836735219584502,-0.029055552072587587,14.323615,0.01634481378777708,1
2025-05-08,0.025175061521419684,60.89350403072259,0.011434584488608625,0.6056974129688508,-0.008581300601712912,-0.012297559858886253,18.84044,0.013837900398336433,1
2025-05-12,0.03154928011290603,67.69893245502726,0.012176687724662462,1.4951047552556935,-0.011414349126266696,-0.029578519469405262,16.311903,0.003067285635185879,1
2025-05-13,0.034643583783712906,60.34187534711952,0.013091385449036345,0.9336214301073129,0.005596404673669999,-0.050132588632285535,14.765755,0.010084062327783805,1
2025-05-14,0.03670519755249435,61.49403508815213,0.013023101068363204,1.1735973566257116,0.01669442057387603,0.048007427418262916,13.641351,0.003468162872928948,1
2025-05-15,0.03817994437954764,66.21196820845032,0.014214562899645539,2.1092463229145375,0.000662370307505721,-0.017804081281106443,13.077998,-0.00911735263850455,0
2025-05-19,0.039194359447925375,63.612934865248775,0.012648609706291038,1.557266885790019,-0.006848913292833561,-0.06664453533601,14.682207,-0.00917400233478205,0
2025-05-20,0.038117749845049564,57.972110625960745,0.013285419249477142,0.6598844336854561,0.006007948785570584,-0.03491641668847689,15.825754,-0.005728446006803001,0
2025-05-21,0.037085815418468115,59.870253692862256,0.013402875398276079,0.971490494424371,-0.0064984604650671915,-0.03362074960016692,14.466781,-0.00778811515869271,0
2025-05-22,0.03568809948483165,55.61584948411546,0.013514997682230082,0.27715648895498585,0.010979442651787345,-0.002410505486598269,14.137182,0.005737622821794464,1
2025-05-26,0.03484158236601065,61.44871101091153,0.013782937198101922,1.320909120566143,-0.005541760617421647,-0.2608554529717253,23.629344,0.0040817653000186915,1
2025-05-27,0.03383064288814053,57.63376066380722,0.014251796569045216,0.6666553506465684,-0.002565806315688111,-0.22825079287631134,25.544669,0.011199893257925808,1
2025-05-28,0.03274997247792677,56.05392471943381,0.013804116245801704,0.3585407230271231,0.007690179649204508,1.1383953973572738,18.96035,0.015713643867628635,1
2025-05-29,0.031753050342918865,57.43649028891688,0.01340593772021927,0.5643858628941912,0.0015140934546921704,0.02652041510214942,28.827411,0.0021986184135136533,1
2025-06-02,0.029205572442370764,54.70438932267897,0.010613298003066977,0.040460238096865095,-0.0016709260184534364,-0.022171658986175125,15.286852,0.009301457087883547,1
2025-06-03,0.028081691491439464,50.6386175612061,0.011011493591655874,-0.6555896990603216,0.007615361108281611,-0.018597828584220433,15.114686,0.012667837042884766,1
2025-06-04,0.0270463466566484,52.341046002107596,0.009502923396709162,-0.4110348337125161,0.00979686553739623,-0.01418418430435675,14.266258,0.007792445576715323,1
2025-06-05,0.026706406597619692,55.14359691077222,0.009942769375487298,0.012678398169949789,0.013955032096764759,-0.011100218594540578,13.877072,0.0017110330818930208,1
2025-06-09,0.02650253000718017,61.80579135541008,0.009883331381198233,1.750938564664237,0.002286592268571288,-0.05689374907640021,13.382252,-0.005230362352657059,0
2025-06-10,0.026371183678837173,61.82498459031922,0.009545902292796183,1.5696634476882259,0.004280151767131092,-0.007364462550924489,12.005872,-0.002386065730902165,0
2025-06-11,0.025948587391660283,62.54168014306887,0.008935315510501158,1.5712514950565046,-0.008114122024048766,-0.0013088660878716185,12.187658,0.004110733999269867,1
2025-06-12,0.024493452617890377,54.96730297548737,0.009229836384601469,0.22990068978630074,-0.006460861926436903,0.03840201263163445,12.762473,0.026550767110228524,1
2025-06-16,0.021364809132474072,55.70147800480522,0.009476982752017889,0.658823520268286,-0.0031146653839216215,-0.02176036328580855,13.992709,0.022870975136792815,1
2025-06-17,0.020436613292713623,53.260965990923815,0.00963075472917994,0.07077512962518415,-0.0010662682050941734,-0.03404412575125937,12.65142,0.027698438837555406,1
2025-06-18,0.019125962420749376,52.167704147410134,0.009594418484771506,-0.17388721301540586,-0.00036074330690816545,-0.009503993556614576,12.590031,0.02584831117062092,1
2025-06-19,0.017924921213104295,51.64859008825798,0.009553150762160208,-0.35770284307825406,0.012844221713571264,-0.019339450038624695,13.27332,0.024686186008288535,1
2025-06-23,0.013921438710227552,55.071964062988286,0.009681886753717412,0.6480291343277655,0.003996476351974706,-0.3269485903814262,15.511529,0.01959804351969674,1
2025-06-24,0.012182460672897744,56.7069634822824,0.010315556390928774,0.9848156136583531,0.0082992928092329,-0.2579565520923165,14.253377,0.019092146455502723,1
2025-06-26,0.010825241696156063,66.32587616044496,0.0098271969863232,2.580325224714681,0.007875063603272172,1.748512687124713,28.644793,-0.007583467063290161,0
2025-06-30,0.011076643037734923,63.84160323498923,0.009911713226592294,1.6713461886941694,0.004947641474412378,-0.02368907211928095,10.137243,-0.01703762726057101,0
2025-07-01,0.011937546690590661,64.29348643788433,0.009763680234695808,1.5874771926117563,0.00016832089431824876,-0.03168326020489709,10.034337,-0.01354642152929153,0
2025-07-02,0.012567846095812074,61.34460656020463,0.009402051216515932,1.1824496931585682,0.002168653638722851,-0.02725685015388224,9.843017,-0.009482018342189535,0
2025-07-03,0.01300792571361753,59.73906851786323,0.008823663658669025,0.9227294200067355,0.005305948546355534,-0.017291870795404174,9.788421,-0.01156654530604384,0
2025-07-07,0.012500995705032825,61.01877467340441,0.008213160330351662,0.9319938335120473,0.005914828156026674,-0.009107214473508263,10.263737,-0.014555484249764494,0
2025-07-08,0.012369808179352848,62.52775632585916,0.007988601837664247,1.036601965283874,0.001422274463708464,0.008606297043728617,10.214815,-0.01808598724164956,0
2025-07-09,0.012114974260158284,60.61196895138957,0.00798815276148236,0.8166797319141637,-0.0021274688906873923,0.0006799536293917718,9.359483,-0.010056453800946885,0
2025-07-10,0.0122226015252076,55.81533787047571,0.007550283022887624,0.36617304863003597,-0.005200106486822198,-0.0010805030465730336,9.082545,-0.011561723533587753,0
2025-07-14,0.012203310495012998,46.66247728261689,0.00689786678377519,-0.6967533388625873,0.0073079108790140125,0.015444489049466936,10.076778,-0.016003332155440142,0
2025-07-15,0.012227197460757067,50.503700541232284,0.006697965432563599,-0.3667395712147977,0.001984426658398064,0.005331590911586748,9.04238,-0.014871572256351606,0
2025-07-16,0.012381275784962398,51.04727094755348,0.006165837335750037,-0.4227492019896172,-0.0014854317712961812,0.006816208156510628,8.19215,-0.014159895325353666,0
2025-07-17,0.012339286396478188,47.564670806663734,0.006209600162596579,-1.0591176643812052,-0.003151917599837379,-0.006276411650148361,8.841909,-0.013663074814448284,0
2025-07-22,0.01102151221909664,46.64614935509851,0.006462967048785299,-1.3046959286427666,0.007657330997045371,-0.07161651672635161,8.02768,-0.016413999615467967,0
2025-07-23,0.010525723407583953,52.290486816458596,0.00633569412653917,-0.5110786710550747,-0.004936593273432559,-0.030917590333107925,8.318753,-0.025602843860359825,0
2025-07-24,0.009554247176178254,46.97865309389378,0.006629102609127227,-1.1646065575951057,-0.008447002153634722,-0.01606121099225155,8.487939,-0.018591787041485675,0
2025-07-28,0.0066475586749370486,36.915625531516795,0.00757626809978938,-2.2421628757613385,0.006397643800506451,-0.24841514553527377,12.663632,-0.0038835539975441424,0
2025-07-29,0.005098988513690728,42.04878219312465,0.007890892573767362,-1.4880618439353568,0.0019419119774529991,-0.23451512590562618,10.696252,-0.013444175479798703,0
2025-07-30,0.0038715117426062484,43.252984900841085,0.007727083756218617,-1.2163207299680185,0.0006658292069345858,1.2281472747735678,12.219981,-0.009483029181851732,0
2025-07-31,0.0024734201501577235,40.91483312731572,0.008028820398476891,-1.4033570005938025,-0.005698789447060014,0.08337221888153934,25.799645,-0.005533224065648934,0
2025-08-04,-0.00033569862487325963,41.83313364666909,0.008388310966836503,-1.2103231773892478,-0.0006047061916656006,-0.017037734341003308,8.98,0.010431703213639176,1
2025-08-05,-0.0019375855600860525,40.00883628523377,0.00843799334850056,-1.3914304511858056,-0.0005943630121301379,0.004761280938162082,8.5,0.016268044945672022,1
2025-08-06,-0.003596461518350136,38.16383067098533,0.008448901962249214,-1.5803202434913572,0.004036785913834039,0.004253157272404273,8.85,0.020735193717368983,1
2025-08-07,-0.0049235557497713245,39.045684014607296,0.008627510409420355,-1.3729357766969088,-0.006303847885240612,0.029368444143994976,8.78,0.011137890051868382,1
2025-08-11,-0.007075967119516413,41.92035488205784,0.009027993678377477,-1.0260687465808567,-0.0012263867794405085,-0.01313014017370584,8.64,0.005165740804442764,1
2025-08-12,-0.008447739726440973,39.56331573504213,0.00925170006172202,-1.2788620192027171,0.009180215367453429,-0.010158212507161424,9.33,0.0005513039271072273,1
2025-08-13,-0.009631381391660643,44.134250238544794,0.009055887313882268,-0.6820162286760155,0.0026544320488513405,-0.006624963825382357,9.79,-0.007819053023508604,0
2025-08-18,-0.010579228892092396,52.27903702577672,0.008873390507155387,0.5521005236378363,0.0062930056203196385,-0.030011160064002285,11.07,-0.01195281651139457,0
2025-08-19,-0.010702247957869893,55.124840049693425,0.008522455622488437,1.0760299224156746,0.00410916480435284,-0.021088526529310925,8.95,-0.010632213542153268,0
2025-08-20,-0.01068046021275304,56.986831551326105,0.008580362292878906,1.4065837868612547,0.0028721611503988577,-0.05638709129271158,8.39,-0.012624472921238472,0
2025-08-21,-0.01090701218767065,57.88072452069734,0.00794708819205661,1.7028922884177538,-0.0073972193152937364,-0.05641510472160116,8.15,-0.013664224846763329,0
2025-08-25,-0.011212117295430812,53.476758720416846,0.007828955379224914,1.1769548922211241,-0.009462206246057415,-0.5106317558433572,7.64,-0.003971138393527696,0
2025-08-28,-0.01132589191874711,40.79455491107537,0.008659160405536754,-1.1037104838604912,0.0027590663321445216,1.3991506971000205,8.15,0.020595145538736093,1
2025-09-01,-0.01203132195114176,45.49940798875656,0.008116015034504891,-0.3318317340060211,0.002710622582789695,-0.006849748044864268,8.99,0.01803644757712264,1
2025-09-02,-0.011581430977076645,44.35548649233296,0.008073918460413866,-0.5537250110054628,0.009499763801520114,0.00033643857040877023,8.64,0.02683119377373666,1
2025-09-03,-0.011393574548349772,48.51013770913215,0.007934014235605198,0.09716072441511656,0.004549827542143238,0.027633223497329773,8.27,0.02489168337929204,1
2025-09-04,-0.01097841617560602,49.09188171325081,0.008203339974826654,0.16919590895803674,0.004584694742451089,0.008248380177351189,8.06,0.02786813479067618,1
2025-09-08,-0.009274801796824383,50.38769492255239,0.00786697070677183,0.27724852323733307,0.0071508712691640015,-0.009720577268938935,8.79,0.017325177136631842,1
2025-09-09,-0.00765014482171078,53.554708558654085,0.007779185511670543,0.6683417650232889,0.00819106800642719,0.017687394243291354,8.12,0.012099611371424679,1
2025-09-10,-0.0064384019742127485,56.80569817314366,0.007769800158516548,1.0985459753473337,0.0052616772719583345,-0.009767265731435049,8.52,0.003355641973195045,1
2025-09-11,-0.004970675887155718,57.79217192425278,0.007742738561802118,1.1555151801077237,0.007978244786147047,-0.024905166085721908,8.3,-0.004585006923476853,0
2025-09-15,-0.002557931017751147,59.007309823263896,0.007285698369947203,1.1698472517921463,0.01045908084107823,-0.033398396119673435,8.9,-0.017324000832071862,0
2025-09-16,-0.0016526769240172712,63.84071075378266,0.006993410886482299,1.75373467980648,0.007302177711464142,-0.024017385789169343,9.03,-0.024882028666614153,0
2025-09-17,-0.0008452587120425514,66.14689374967335,0.006621255315496575,1.8876872015293729,0.007131789066432485,-0.011209969514234697,8.83,-0.019500368877133023,0
2025-09-18,-1.639607585379732e-05,68.37168175556903,0.006460538320008825,1.9729436338810624,-0.00048772044736052615,-0.0330301741634933,8.1,-0.020821190449357152,0
2025-09-22,0.001382864622244906,58.18787074992008,0.00617884455549796,0.9735467553680216,0.002120849502266896,-0.043204046037671695,9.77,-0.0037317484116645705,0
2025-09-23,0.0017724550934679062,56.79181169085924,0.006111416160928902,0.812758646131855,-0.0022884840779514313,-0.010321124877253784,9.25,-0.004900757240906661,0
2025-09-24,0.0024858808906638163,52.17125828213856,0.005766868935837563,0.3824136670181325,-0.003559913206917383,-0.1200257552407693,8.33,0.004984670437199412,1
2025-09-25,0.0035154616776285064,46.20154475689294,0.0058158104460652735,-0.26096539108836575,-0.008073232233073796,-0.22495711732460089,8.93,0.015849197845436924,1
2025-09-29,0.004828497332883597,38.789894877388086,0.006407860427488798,-1.3209425149575025,0.005820994081614841,0.7650859734109234,8.5,0.020726676433784563,1
2025-09-30,0.0051808608462384775,38.13404936736562,0.0063473102865659724,-1.4331581920244476,0.01446909712597128,0.008930489489028748,7.29,0.028948368142137415,1
2025-10-06,0.006880636072317925,55.25874763461642,0.007120027939113534,0.2949890971377691,0.005887697095825071,0.04389220099768831,8.23,0.030525188288220706,1
2025-10-07,0.007517860139635957,56.1867067151653,0.006975918495935298,0.3621233316729973,0.00048188122547252295,-0.01764536928731686,8.19,0.030280775857710163,1
2025-10-08,0.0077055712060918324,53.75220810365313,0.0072116815428322645,0.05641174724261569,0.009089205559518263,-0.010699424561641413,7.96,0.03374770121624704,1
2025-10-13,0.007831831760907182,58.49908729206813,0.007272010193992421,0.6848344585603416,-0.0008462882429419398,0.015046965550030267,9.17,0.02809845744206041,1
2025-10-14,0.007679595560997621,55.079051695103004,0.007501763841584833,0.32619134357309587,0.011107355192778003,0.008895190352009807,9.44,0.03612576368038023,1
2025-10-15,0.007235346753180494,60.4902973842534,0.0076678990871776155,1.0331186411669275,0.013132013816807389,-0.009749466728010359,9.68,0.021888669283117057,1
2025-10-16,0.0070497358508128105,66.81839556675563,0.007833597342084348,1.8971785301591944,0.006742121979524042,-0.058485633069914944,8.21,0.00534677427850494,1
2025-10-20,0.006777409593389239,71.80048567853984,0.007873590217928165,2.1690790863324674,0.002443572413598141,0.04290482342807933,10.01,-0.009499615808800876,0
2025-10-23,0.007297855442190526,72.68753127418799,0.00770497012552829,1.7204255581876522,-0.00295852636278171,-0.2633132022230251,11.69,-0.015414369379553094,0
2025-10-27,0.00875427950647123,71.494643054077,0.007862177225185625,1.5226245545001544,0.0047773617865514645,0.1103747474629515,16.93,-0.010440615894341643,0
2025-10-28,0.01024912225704,70.02618737966469,0.008110959695504523,1.322176537812282,0.011663265642689638,0.03658401914127207,8.79,-0.0023287312451061304,0
2025-10-29,0.011929334464146901,72.43062066172783,0.008013044600544207,1.4491126208897671,-0.0008559329041200229,0.0681202504033036,11.04,-0.006707249102053114,0
2025-10-30,0.013642986061511264,64.14245920648966,0.008160581176505826,0.9751732502643765,0.0010684964571006257,0.07035383519354066,10.16,0.0012443526939476257,1
2025-11-03,0.015957883281550567,58.98693853744321,0.008455248338280761,0.5499637399625591,-0.002136741153990659,0.046440631336998495,10.99,0.005694180846019137,1
2025-11-06,0.016856259826182773,49.76012274075014,0.008335338399056504,-0.3428517770889282,0.0031164923023304994,0.04864117644564492,10.27,0.02675261538847895,1
2025-11-10,0.017400694711568576,52.07866251233541,0.00780929474176576,-0.32005100285340693,0.009269068197069769,-0.0013182369591588916,11.44,0.015060026804506244,1
2025-11-11,0.017249505476709892,56.065650816614166,0.007912194345622183,0.06475945324850578,0.011331051047088326,-0.04153473644999073,11.67,0.007388672415101105,1
2025-11-12,0.017365982544013114,61.269557892682926,0.0082186573979174,0.724547851706715,0.003014369271482361,-0.009935957011777852,11.01,0.012733905427141812,1
2025-11-13,0.01780732805217311,61.36084501925217,0.008108705173940408,0.7035564395790865,0.002791807624456429,0.0435305763683842,10.48,0.012998896236827928,1
2025-11-17,0.017697631260871427,65.12073392769265,0.007738710279523378,1.3253027487070812,-0.0024852228632334847,-0.039931961106613345,10.54,0.00623911038806102,1
2025-11-18,0.017148986771418295,60.183874026005356,0.007553739477003751,0.6237014360524779,0.006211844975096386,-0.046252129471890946,10.54,0.004714326441551897,1
2025-11-19,0.016510877874619467,64.21329191694599,0.007668124705273861,1.3629872675114814,0.006454222770191075,-0.12995445208538003,9.56,-0.002558295974715241,0
2025-11-20,0.016012572088374588,67.66114321397333,0.007587331038543946,1.8738590959164494,-0.004377280556011049,-0.155067286668925,9.49,-0.006047628326145249,0
2025-11-24,0.014938288959033708,57.37622414405274,0.007574024347334997,0.5395788830282963,0.0036942159902926272,0.1087380410022778,11.77,4.04777152873681e-05,1
2025-11-25,0.014078673000104569,54.4035808585839,0.007502334293107535,0.1849942799960897,0.019177247024036365,0.02277483755738907,8.59,-0.0017442819439316137,0
2025-11-26,0.013738502396984043,63.21062053612769,0.00791375211433057,1.6223481208494843,0.007082506714931449,-0.013359545325498323,9.384763,-0.017069095485064856,0
2025-11-27,0.013144810958302111,63.45374163541803,0.007735592928534379,1.5551466077312897,0.006555239681361652,-0.01412136446801926,8.907204,-0.012092059504877017,0
2025-12-01,0.013233774329167503,61.66021511635801,0.007426043359379797,1.1139192445404018,0.0014230728823433902,0.06967420754675424,9.083788,-0.005671249868676176,0
2025-12-02,0.013277139912137192,55.43353819450387,0.007297694148136127,0.4606556390516106,0.003995082412210987,0.04262767710049431,9.578677,-0.0066110284393890995,0
2025-12-03,0.013514034562169375,53.55898658277614,0.00723686595323306,0.1956767205501454,0.007715693065496806,-0.005959905194548698,8.99,-0.006443824318864033,0
2025-12-04,0.013879084147788712,55.24361167031109,0.007113576813065458,0.3247616151042657,0.011502376722523674,-0.02459851077675068,9.21,-0.008381397944975277,0
2025-12-08,0.014466680624319661,51.162084924763676,0.007794664926331497,-0.42949117967552874,-1.3512088127676554e-05,0.1186335372095273,9.186315,0.008160443557615471,1
2025-12-09,0.01399860326796265,47.08266078945259,0.007870110722240907,-1.4751685816008298,0.0009384650724144304,0.02324543832173953,9.079198,0.013061322227581273,1
2025-12-10,0.012898453920176411,44.50191867731431,0.007948022649689971,-1.9193941529575658,0.009763956828946346,-0.03389362970608911,9.424992,0.0149118568745632,1
2025-12-11,0.0119407688484241,49.62100861097864,0.00815200592852395,-0.9162053861193289,0.009531391189993342,0.0010453892347934701,8.834313,0.0055505036252481155,1
2025-12-15,0.01017020991013573,53.67670636273644,0.00782544011832699,-0.03353215034078143,-0.0033273055080835063,-0.009831118226442337,8.673203,-0.0033983997272095667,0
2025-12-16,0.009316707669949409,47.823881718165346,0.007380927187441673,-1.2318400536089569,0.0014578594512192767,0.016860719031379867,8.633107,0.010421460244580683,1
2025-12-17,0.008283488645736803,46.46795154093237,0.007365836480349438,-1.3724937420694756,0.0024032804658834705,-0.022644302600256738,8.64063,0.012704043800870535,1
2025-12-18,0.007001741852814103,46.36573132921675,0.007554008177042894,-1.2582072856137554,0.008306978246063836,-0.05501923733211167,8.049728,0.019871743366893124,1
2025-12-22,0.005728274564865465,58.56141280256768,0.0074853881131576,1.1208654417292376,0.0013181675681287254,-0.10070347980092809,7.53546,0.00024066681049461636,1
2025-12-23,0.005599933497589582,58.70022254291742,0.007317720083863267,1.0413696562734112,-0.00015473000554147595,-0.07781848587868989,6.931004,-0.001390540608195323,0
2025-12-29,0.0027553493617122893,49.05993390282125,0.006736289288630346,-0.3883767719567118,0.006811337296736883,0.11022214798730579,7.867738,-0.0058534047614297036,0
2025-12-30,0.0020250881762842177,48.93385566382872,0.006368682171733383,-0.34098707557546837,0.013780502836787606,0.004870870703063135,6.898966,-0.007962913977894726,0
2025-12-31,0.0018885331868541133,56.06966955158195,0.0064206003973262355,1.0869798661380532,0.006153955400346361,-0.0016265663231259664,7.971758,-0.017757639111834034,0
2026-01-01,0.0019636201718704616,56.64939909390267,0.006019225126982678,1.1146000716805293,0.011812235630386891,-0.021541860648623068,7.764462,-0.01729486905015709,0
2026-01-05,0.002022302526148323,58.785067150710184,0.0062220960095716584,1.4888741994850854,0.0013256693338483513,0.026427893738140362,7.011494,-0.0387729188222099,0
2026-01-06,0.0021463360192364167,55.619482117060834,0.006119736924033177,0.9493410464191732,0.0021620929587464004,0.0007117404827818863,7.739794,-0.039008783829052374,0
2026-01-07,0.002591184796295831,53.96092150906759,0.006020550153632601,0.6400832864112107,-0.005935177835372033,0.15546934534118462,7.097679,-0.03254878338896172,0
2026-01-08,0.002865824629264546,44.11025065354498,0.006375239804771979,-1.1223409728218796,-0.0034219625152097275,0.03777159575998845,8.272461,-0.03200541144892499,0
2026-01-12,0.0023108768908235433,42.838162599969195,0.00713128758860976,-1.3121913484671832,2.1325888659445814e-05,0.009051063403662019,9.195571,-0.01735151850020844,0
2026-01-13,0.0017348531153933422,41.16263792958842,0.007652548888112957,-1.4623255626660245,-0.0005168904779665756,-0.0008550009924118696,8.611004,-0.012179260350219434,0
2026-01-19,0.0006203789404102267,37.336667977891594,0.008152631224926507,-1.7593239641133422,-0.012753317308631815,-0.030703228862639653,8.749494,0.005552003331965372,1
2026-01-20,-0.0005929622749500929,29.26958158683007,0.009159526227512703,-2.542293281398178,-0.0021519865253145456,-0.10467943892451337,11.234172,0.021539680967006758,1
2026-01-21,-0.002227401501758708,27.890745884031674,0.009561753142700984,-2.2666588653011606,0.007643843784159764,-0.16887135895618643,10.593253,0.019290501093113477,1
2026-01-22,-0.0036259186131574195,33.81793778088279,0.010059907653662077,-1.6253934374739032,-0.00830767964206317,-0.23754667514101846,10.789754,0.01596680184136634,1
2026-01-27,-0.006231411180547153,34.28513499287635,0.010820644687797837,-1.442606485798474,0.010923346008725559,0.772727588482512,16.222605,0.030178268794601726,1
2026-01-28,-0.0069531306591781306,40.4539692253019,0.01088306989742065,-0.9297911345431458,0.007637292716851931,0.0746885690438217,11.336268,0.024113389800830554,1
2026-01-29,-0.007501237256093973,43.07270766765674,0.011353746403222459,-0.6745458789305779,-9.836737964954372e-05,0.022555815250881572,11.318566,0.015275988424275466,1
2026-02-02,-0.009919004370073647,35.40230173932687,0.012205401776466155,-1.2704490870885594,0.029045279811753085,-0.12464386194502186,11.206517,0.02369021540317484,1
2026-02-03,-0.010725673856590623,53.153591294719284,0.014437121640223313,0.4301108209119247,0.004712816224946083,-0.029802349643968662,10.62888,-8.358318455126135e-05,0
2026-02-04,-0.011419703884883226,54.18142497830379,0.01429387936833544,0.6880741214805545,-0.001978584729981378,0.006990863592086338,10.141818,0.0016817818658829697,1
2026-02-05,-0.01221448709658468,50.876487517117454,0.014392359497482358,0.41070566823464094,0.00359942034169246,0.02305354142257321,9.281866,-0.007349086922392445,0
2026-02-09,-0.012693768988201959,56.03381819170808,0.014348909202472967,1.3957179593786566,0.0045733112917505534,-0.05955689960140531,8.492037,-0.005965090155902408,0
2026-02-10,-0.011991596370737323,57.50963465675699,0.013507161615834411,1.5187512641592313,0.002276817696663363,0.00042470389904192274,8.396711,-0.019683710806031596,0
2026-02-11,-0.011484031138401685,57.92877508279918,0.012750090178203829,1.4985189287792826,-0.003685372721757966,0.019441448231945824,8.1174,-0.018161067297112643,0
2026-02-12,-0.011056569743696065,53.47371194981854,0.012609975617398602,0.970866741763598,-0.011175145985639028,0.05723755497482319,8.735884,-0.012037278236465943,0
2026-02-16,-0.010793247510545001,50.31798271587606,0.012811393173850709,0.587767399817098,0.002205760675940133,-0.04516388336247257,11.063984,-0.031813212418841386,0
2026-02-17,-0.010285338450630621,51.34873481814146,0.012782935023690661,0.7012336331607353,0.0039804865160550165,-0.02338277882543105,9.408355,-0.048391876189366245,0
2026-02-18,-0.008865049884908216,53.63085713988405,0.01241703426826518,0.9216929642171998,-0.014460070258293293,-0.0454500394374453,8.759054,-0.0408007651117398,0
2026-02-19,-0.007899547059797007,44.832152386814364,0.01341251899121007,-0.38223190019561915,0.005120947603272953,-0.1431990174652772,10.337192,-0.039439247359722596,0
2026-02-23,-0.005822495274690032,51.19959986147227,0.009360602578740048,0.4214879752400647,-0.01132889977832222,-0.4610759193482087,12.640945,-0.0564461708328472,0
2026-02-24,-0.00497257483824487,44.78648676674737,0.00983423345859807,-0.8628928527083233,0.008029593573104813,0.9517029619706052,11.565731,-0.06127127639184449,0
2026-02-25,-0.004264673943101371,46.24133129105031,0.009900061623172765,-0.6603769134521383,0.006015893260080419,0.009484585669407242,10.19607,-0.0723378636073776,0
2026-02-26,-0.0037029403689631257,46.609308964076156,0.009782409074546783,-0.6235257984956695,0.005461492416943011,0.09448580504268422,9.858955,-0.09199092034048106,0
2026-03-04,-0.004537442789585566,29.537480529719986,0.013194898700350424,-2.957137654368353,0.015269295970262015,0.07891455080560683,17.952526,-0.028704447162026914,0
2026-03-05,-0.005574853368788268,37.003405863648155,0.013539636507196568,-1.8477616114684103,-0.008891273369909658,0.01571122945204051,14.223809,-0.07121687369249285,0
2026-03-10,-0.009836403944764815,33.77339476958866,0.015285024572825778,-1.7201495444557202,-0.013292594658531227,0.15085844813102867,18.594778,-0.05561048077920849,0
2026-03-11,-0.012203741746575791,29.64707493129376,0.01638119987880586,-2.0177264579871137,-0.005796726909472614,0.01125801382891134,21.292755,-0.023480283313339845,0
2026-03-12,-0.014964677746745925,27.555736672060263,0.015976960842201526,-2.0114654590046896,-0.018606861217797407,0.09210507601939955,21.659478,-0.03466921474364937,0
2026-03-16,-0.019994237143328708,29.32470211606497,0.017934174682613144,-1.6482799775278922,0.008911145030423149,-0.10887585138109312,22.078244,-0.031159237820043928,0
2026-03-17,-0.022162004380800182,32.88959409971412,0.01757531514316367,-1.298211152139418,0.008279901791925535,-0.01899841801634594,19.020255,-0.03681121433308465,0
2026-03-18,-0.024044698327285063,36.80630630846443,0.01758962529270542,-0.9732476601534534,-0.030406545496004134,-0.01940731526552375,15.226031,-0.03404649524561465,0
2026-03-19,-0.027123048907189418,29.494445472233693,0.02028023947246683,-1.6608313834396138,0.006014638067551599,0.0028598991249393357,22.588577,0.005282114843033092,1
2026-03-23,-0.032704924981152295,26.941943329429208,0.02089840014181511,-1.7849821036379565,0.018467377326133627,-0.09609580040068322,32.269899,0.0560773252746698,1
2026-03-24,-0.036016185289194036,33.92608897979227,0.020485004738848928,-1.253133692957785,0.01691658677253183,-0.16281135435215255,26.913411,0.04967612294413781,1
2026-04-01,-0.04798464287059079,36.98682347464176,0.022107219727487568,-1.1534314407309136,0.003844881605028866,0.6499329383032391,24.769856,0.07381810637802588,1
2026-04-06,-0.05109743469649053,41.192245735722665,0.022699662023740845,-0.5916697030962087,0.007960989626985014,0.006278758686374397,26.040085,0.0700249087054956,1
2026-04-07,-0.05280979264767616,43.3992331254767,0.022261066322125964,-0.2718167194954389,0.04039801647207617,-0.06591048159323354,23.563609,0.05424961879109658,1
2026-04-08,-0.05283737378642894,53.87913517623211,0.022506502153831372,1.3562539340917696,-0.005669359808045238,-0.018261495319261578,16.861906,0.0073216907173099255,1
2026-04-09,-0.05218308735531019,51.278184853340086,0.02272995513892819,1.0004661625748392,0.01370763513001186,-0.060576278317577614,19.164446,0.005167154350283365,1
2026-04-15,-0.04878544953286168,55.85216651842642,0.021596469442529218,1.76627718018316,-0.0014650794676887907,-0.06051105847116334,15.672079,-0.0022140945345581198,0
2026-04-16,-0.04569410555966691,55.394688375326396,0.020608570790203527,1.5051099051823982,0.0070773967578290475,-0.014390793467533247,15.155212,-0.008232478277041322,0
2026-04-20,-0.04082972781364003,57.23931381553203,0.018759156815084433,1.4428589976813515,0.009015052181585553,-0.04718467659961989,17.876213,-0.01362819116261793,0
2026-04-21,-0.03828555241187237,59.663711945685435,0.01785611683079096,1.590977467678342,-0.007950636478630757,-0.01058480135155504,15.809708,-0.009995296116200425,0
2026-04-22,-0.03435580923524717,56.43359133451672,0.01708719297588405,1.18040070464152,-0.008823477335053627,-0.10946149067078181,16.234074,-0.0021104688049684572,0
2026-04-23,-0.031012298905616187,53.22784734791537,0.0161488704942716,0.819779311619443,-0.010352469926721435,-0.1464244562869077,14.791397,0.00012822582482652223,1
2026-04-27,-0.022868481108068606,51.96802589741647,0.014927740155056326,0.5809338445127906,-0.004104945562638867,-0.49035034063824856,17.459843,-0.029600188464769306,0
2026-04-28,-0.01987936820649805,50.48764625612828,0.014363570731948268,0.3913683377231336,0.01068111326590263,1.2836050987046312,5.732791,-0.02430017162906306,0
2026-04-29,-0.01563013048462536,53.181782563528735,0.012593670048292437,0.5820854926476259,-0.003286108837763927,0.06156808554017634,14.223608,-0.020186030212399952,0
2026-05-04,-0.006607408391155367,52.1749925530127,0.012801674535113508,0.3475757934998873,-0.0005390198234978416,0.05380616634799229,15.775742,-0.019459584121313656,0
2026-05-05,-0.002505420766972133,50.68655468890956,0.012081684817896413,0.040263348881625166,0.017251389986699554,0.018326441511313796,15.593261,-0.017259776961727313,0
2026-05-06,0.0014844035772354491,55.40850546771898,0.011699807029925258,0.8134617107151234,0.0021310628197785987,0.028858238279323656,15.425339,-0.02761705730050923,0
2026-05-07,0.005233314769697017,55.32624531050519,0.01140810844863234,0.886988195416338,-0.003783931990097404,0.01570593601657566,14.011657,-0.027622017872791726,0
2026-05-11,0.00823705031758104,46.09429122724844,0.011838141909289219,-1.7262695581895389,-0.01642392002765356,0.1148902970447756,16.555663,0.009063275630109446,1
2026-05-12,0.008801648345935442,39.846739655566196,0.012733185181313179,-2.8312906200651873,0.0035436617035621196,-0.030794386621288083,17.440536,0.022846822100978104,1
2026-05-13,0.009601432454246384,40.504553692430555,0.013010227043953375,-2.2850722434699198,0.012279729522640283,-0.04345559695972834,17.445594,0.02112327505280409,1
2026-05-14,0.009983924444644021,45.849628564510446,0.013223844357463368,-1.2282218829531235,-0.0019291001168678778,-0.034714858018145445,15.795035,-0.005987843260924719,0
2026-05-18,0.010213962514833419,45.253772073860006,0.013193013123022552,-1.0984888950592064,-0.0016046215744054684,-0.06502235310273274,17.53304,-0.007035889843183152,0
2026-05-19,0.00970294051173215,44.68596224074382,0.013121193363793355,-1.0815338556455358,0.0021381996782115337,-0.021896291460976713,14.65084,-0.008993157364086679,0
2026-05-20,0.008468478780559341,45.62877518754511,0.012961387202393532,-0.8860759787774932,-0.0011665750877044062,-0.07052134994556669,16.103471,-0.01024765284881013,0
2026-05-21,0.007888107838970981,45.541086868015185,0.012608936597348653,-0.8178235718997364,0.003775181431147319,-0.2170295643432838,12.915601,-0.012175170664259216,0
2026-05-25,0.007831746799297878,54.35061695858817,0.012370118708304845,0.5415813972888829,-0.004939276980355537,-0.41566651764732854,20.48863,-0.032856586718551295,0
2026-05-26,0.0077499394018760714,51.50729322391168,0.011970429662335143,0.16436153450484212,0.0034708465842424895,1.2307775303822424,3.071198,-0.02921965328777454,0
2026-06-01,0.004781847841675457,40.2599353147022,0.012986461370221296,-1.422650812111587,0.009430105903904341,0.1809655718242975,13.07817,0.020156047194215265,1
2026-06-02,0.0033765551877413813,42.94460574083933,0.012505868528842721,-0.9771920734852124,0.0013690101232761473,0.09043996917200015,12.454538,0.021529947241994085,1
2026-06-03,0.002201259087668772,41.397584561918286,0.012583079000061382,-1.1221929648133648,0.004528847472146819,0.03461851009635408,13.59276,0.029057132512110062,1
2026-06-04,0.0005761653709157599,41.71524653790927,0.01213001483063707,-1.0246600313603234,0.0015010416810893113,-0.010372355346399686,13.255042,0.03209051690702869,1
2026-06-08,-0.003988669428194869,35.761889843338935,0.012045214045539075,-2.084052976882248,0.008999697271115277,-0.0038349440098174314,14.511052,0.042377736047441994,1
2026-06-09,-0.005812219973605037,39.575961955048534,0.011921563688986338,-1.3869047519587687,-8.603393878386474e-05,-0.01456193677106632,13.737484,0.02504076696088342,1
2026-06-10,-0.006413156715168844,39.00737963688032,0.011772896683313546,-1.4102608272301527,-0.0006439479410071669,-0.01861237745181299,12.126315,0.03474921113432594,1
2026-06-11,-0.006821184864395868,37.85646844866646,0.011775643743764469,-1.4934724908133785,0.02266684510047816,-0.030789733294103394,12.700135,0.03861565719592952,1
2026-06-15,-0.008463882692949287,56.32650019377323,0.01250034813044564,1.1663928129727872,0.006166690015726431,-0.05600000000000005,12.292847,0.000496757728545516,1
2026-06-16,-0.008842972988368225,59.01727883562567,0.012264164714063738,1.5179857928551834,0.004370709577775435,-0.021750151331719092,9.67459,0.0006961154721230045,1
2026-06-17,-0.009003633839932412,60.87062809650719,0.012255189355587202,1.6432984663910593,0.004434198911147191,-0.017608316477872643,9.435426,0.00373665714175897,1
2026-06-18,-0.008933502698543538,62.43030893336254,0.011132481160522179,1.6839183006031624,-0.004596987752399808,-0.0016770465085151898,9.1718,0.004255611112835123,1
2026-06-22,-0.008204792003096206,59.64678290220105,0.010325370338611094,1.2671297408317939,-0.010388807428436914,-0.03681898482601975,9.992669,0.012272333342922215,1
2026-06-23,-0.008680798809581058,51.90820309820255,0.010501668706960602,0.5263475596249195,0.009557565421502733,-0.17269656711223924,11.379555,0.002432460106580381,1
2026-06-24,-0.008430396519946481,56.24048028897934,0.010661513205482939,1.0633907502463664,0.003357371706919631,-0.2429122148926378,11.041833,-0.002449857042210901,0
2026-06-29,-0.007223103812688758,53.89038285093027,0.010412159346825853,0.7463967141734641,-0.0035266482225818543,-0.5192532698856765,12.309136,0.011056010857649845,1
2026-06-30,-0.005934086699027619,51.685853134822075,0.010541259160243085,0.4649899659944541,0.009505253344227546,2.7435688258008377,10.850411,0.007806198474801684,1
2026-07-01,-0.004548271413253757,55.12635474983766,0.010311329554686175,0.7757953482190735,0.010795301763608236,-0.03744570191623209,11.313753,0.003026361982898962,1
2026-07-02,-0.00277434232968099,58.94352412461663,0.010041824807798323,1.121550651971275,0.007321433793845509,-0.010059542226683038,9.972148,-0.004258376058474234,0
2026-07-06,0.0014631537786717885,64.1103095329399,0.008527905149630864,1.4842947461391944,0.0004072962845026528,-0.043536263702754985,8.578587,-0.007852921159236304,0
2026-07-07,0.00395033403863887,63.01966608531291,0.008636314660089302,1.3162052010987138,-0.019939555563524985,0.05255565208381485,8.698438,-0.008648002014707834,0
2026-07-08,0.005306584958745697,48.51181282998679,0.010184001616014904,-0.22290892206924373,0.0049095121614117256,-0.017760731783039607,11.012519,0.004781801186004353,1
2026-07-09,0.006985645315170652,50.432498000689066,0.01044880086296331,-0.10591322938818737,0.0116471868750996,-0.013552736565792034,10.043035,-0.003889410621312983,0
2026-07-13,0.010206115587146014,55.88648680794781,0.01064909895590552,0.7963476084705089,-0.007715501218454391,-0.012933981986206322,11.021609,-0.008882358483747077,0
2026-07-14,0.010575644493731717,51.66927440479508,0.010234662431679805,-0.19041187064139825,0.0006547973348815945,-0.005783733496961707,10.433824,-0.002773201024795724,0
2026-07-15,0.010797717262754913,52.314108080658805,0.009953463921207124,-0.05759682902868209,0.0007434017899786721,-0.05463399483961395,9.99934,0.007130810422160794,1
2026-07-16,0.010736660297928191,52.15120532733244,0.009648887273621478,-0.08880967553328972,0.010341568786283275,-0.05194105036159091,10.201373,0.010152574617565469,1
2026-07-20,0.011630471256681485,55.58227777717964,0.009851666585626763,0.7590497461028359,-0.0023887616807971392,-0.02035176884015799,11.660638,0.02210536053179868,1
2026-07-21,0.011798590878750792,54.05079719633853,0.009702254897909778,0.4393474261953329,-0.008239693116222658,0.008108475806085869,9.537378,0.01766191848226062,1
2026-07-22,0.012006572704178708,48.61443608592338,0.00989157764606077,-0.7556368315550713,-0.005111215294056424,-0.1827366867898047,10.780641,0.02618744139709328,1
2026-07-23,0.01127172624263606,45.36390555596143,0.009903961658305633,-1.413922315028116,-0.002643513523796899,-0.1306336555186156,10.583888,0.03210780252568579,1
2026-07-27,0.010210566600242998,49.545371842013935,0.010261695257763116,-0.5600916441872879,-0.0009397093877986287,-0.44381200812951505,15.870901,0.024497949930676777,1
2026-07-28,0.010171727986937551,49.25799477786303,0.008756531100940722,-0.6712507670932234,0.013597900215618275,1.331204608064112,14.837508,0.020276944772358085,1
2026-07-29,0.010175513006804415,56.1085135419815,0.008795071110079477,0.7282302658644985,0.0044453565217167194,-0.009878556744324585,8.666648,0.007659730888164518,1
2026-07-30,0.009880288444456653,57.66449393391866,0.008448335838075959,1.0302085603478706,0.005570126729455047,-0.04239411335345522,8.947769,0.003236366822830572,1
2026-08-03,0.009277879891792074,66.86892575744429,0.008504355177783933,2.700352904876038,-0.00882772769980743,-0.06634460879238602,3.668512,-0.019643355222090153,0
2026-08-04,0.00897433563490413,61.77283260893277,0.008955681979929155,1.8338485368000643,0.0013325103435109984,0.043588583784737844,5.701575,-0.01868786762083341,0
2026-08-05,0.010024781751617251,61.96377849102756,0.00907730209684925,1.6466292529181952,0.00465994877306719,-0.03774023722434827,7.673511,-0.022187101165221157,0
2026-08-06,0.010820306982121553,62.20047156103643,0.008430476532962795,1.4947808694573612,0.0007712290956324078,0.01820948321321847,10.366589,-0.016404870540063343,0
2026-08-10,0.010923151552081123,60.20991278729754,0.00815230412575463,1.087336943294084,-0.0017613542200124478,0.006257991076968006,10.501359,-0.014837006012438647,0
2026-08-11,0.01087996970372207,56.09666673795038,0.007980228847166182,0.6335396112534234,-4.900431062348009e-05,0.03619392782659503,9.850536,-0.005604369205180371,0
2026-08-12,0.01082246371796125,54.810696042936506,0.008045398889375081,0.45293780333240036,0.0013116241551773666,0.01208646791601553,9.007238,-0.009338668070847822,0
2026-08-13,0.01066188444137639,53.33381523474576,0.0076523772448532324,0.26185357074493926,0.0022032596316851776,0.0013240631869535502,9.760327,-0.01250212658643346,0
2026-08-17,0.009261019889166944,49.26187839764805,0.007441628705634325,-0.13466799670472632,-0.002369533063075374,0.023582088028222925,10.935059,-0.00853314325044785,0
2026-08-18,0.008329588053456183,44.66556421174782,0.0069932698027864075,-0.5963037636035706,-0.0015442162882807202,-0.008354614740034294,10.151571,-0.0041026710014280265,0
2026-08-19,0.0078009695586047645,42.217792191286954,0.006989855803175629,-0.8947004246437764,0.008916709725513035,-0.16158903089838195,9.250474,-0.006804947076148871,0
2026-08-20,0.007702288176731464,48.33054277803329,0.0071140207815475484,-0.4419122268715925,0.002234678388068647,-0.14556024165051862,9.943192,-0.014790467768764137,0
2026-08-24,0.007759814766852502,47.85043510526163,0.005669382354905777,-0.7843905520365841,0.002851029108186822,-0.534474526765152,8.607918,-0.01816340345450551,0
2026-08-25,0.008080943312224864,52.394288353538286,0.0057582735452822754,-0.3476964962198151,0.0038853899379498553,2.3031582757684532,30.657188,-0.02874313062782874,0
2026-08-26,0.007811206037704688,47.50099816516245,0.00607744927834504,-1.0077629851784329,0.0030630686453718935,0.05448709167785348,9.282753,,0
2026-08-27,0.007339509382781495,43.47023118673482,0.006383718486585929,-1.4791319612169858,0.0104209853407289,0.023971698154058085,9.250788,,0
2026-08-31,0.0054145447662425905,43.69846369404406,0.0064728111873640385,-1.355005782619873,0.0004111065104570851,0.04430066603235017,9.671863,,0
2026-09-01,0.004298912671267585,42.86462007112914,0.0064296889706886165,-1.346922090735326,-0.0023071683106579487,0.031860571530384574,6.471239,,0
2026-09-02,0.0027572275822154158,38.33771158714466,0.006899145211470772,-1.8541989990423944,0.003581549399968806,0.03185398263080863,8.358144,,0
2026-09-03,0.0013049739305355246,37.11337422297156,0.007041302070364004,-1.8623137925307431,0.007315691153368376,-0.01617123558584599,8.451626,,0
2026-09-07,-0.001478537776935629,34.72269746951183,0.007130199394012107,-1.9799076626803875,-0.0012427017004212138,0.05801286511728598,8.824796,,0
2026-09-08,-0.0030169450522986585,30.88384821203786,0.007200407063321156,-2.2761405101858228,-0.003507478739041009,0.034517028327566424,9.632344,,0
