symbol,split,entry_time,exit_time,net_return,gross_return,net_pnl,entry_notional
ICICIBANK.NS,development,2016-10-14,2016-10-27,0.17468342731918937,0.17692283305788417,4330.4382016164245,24790.206306770328
JSWENERGY.NS,development,2016-10-14,2016-10-27,-0.08084260507977122,-0.0786882721943134,-2018.5976894233384,24969.4785
BANKBARODA.NS,development,2016-10-17,2016-10-28,0.010251703439826737,0.012431771249463907,256.0535479416692,24976.68308926392
IDEA.NS,development,2016-10-17,2016-10-28,0.012296053125873006,0.014476791267155191,307.09882356141816,24975.398236953737
ASIANPAINT.NS,development,2016-10-28,2016-11-11,-0.11329143024103205,-0.11114037079039049,-2818.1732124978216,24875.431500000002
AXISBANK.NS,development,2016-10-28,2016-11-11,0.02061033876662259,0.02280192055504159,512.0497617357254,24844.31563856506
JSWENERGY.NS,development,2016-11-01,2016-11-15,-0.13347970163207148,-0.13134230204781247,-3336.6578404499446,24997.4925
TORNTPHARM.NS,development,2016-11-01,2016-11-15,-0.11720637220944563,-0.11505173460426016,-2907.057322442389,24802.894822540286
ACC.NS,development,2016-11-15,2016-11-28,-0.059814485222198704,-0.05757151204448239,-1420.328832604296,23745.56643475342
AMBUJACEM.NS,development,2016-11-15,2016-11-28,-0.08454371528320823,-0.08238590087031138,-2105.040681470819,24898.842858032225
ASIANPAINT.NS,development,2016-11-16,2016-11-29,0.04097350305196212,0.043174802577104696,1015.5236124069089,24784.88625
COALINDIA.NS,development,2016-12-15,2016-12-28,0.014222178892445005,0.016404943027879974,354.8784921483672,24952.469999999998
CASTROLIND.NS,development,2016-12-16,2016-12-29,0.0024417858839124542,0.004620041077175269,60.97121749985142,24969.92791282654
BHEL.NS,development,2016-12-19,2016-12-30,-0.018285606672747427,-0.016111419306126785,-456.05151493981697,24940.464
SOUTHBANK.NS,development,2016-12-29,2017-01-11,0.12175580889664657,0.12396671436360102,3043.3910911968314,24995.8594893837
LICHSGFIN.NS,development,2017-01-05,2017-01-18,0.016514615297836644,0.018699686370459687,411.65744756073883,24926.85661376953
GRANULES.NS,development,2017-01-10,2017-01-23,0.09408959352304821,0.09629710266610082,2345.1695534299974,24924.855827499392
IDEA.NS,development,2017-01-16,2017-01-30,0.4013560710733477,0.4036478452821296,10029.354384416883,24988.669929908752
RELIANCE.NS,development,2017-01-19,2017-02-02,0.004369077874841719,0.006555147759368476,108.60347606646101,24857.299223670958
DIVISLAB.NS,development,2017-01-24,2017-02-07,0.06716002321629493,0.0693668033757408,1666.670134464908,24816.402000000002
AJANTPHARM.NS,development,2017-01-31,2017-02-13,0.04625376064811162,0.04850566418533277,1112.5658310581252,24053.521604919435
TCS.NS,development,2017-02-01,2017-02-14,0.08003552825412123,0.08227136431784102,1955.4448337656236,24432.210000000003
DABUR.NS,development,2017-02-06,2017-02-17,-0.018662625004385924,-0.016482266079522575,-463.6396024286444,24843.214838195803
CEATLTD.NS,development,2017-02-08,2017-02-21,-0.024665140370634782,-0.022423790408161337,-589.7940583808697,23912.04953704834
APOLLOTYRE.NS,development,2017-02-14,2017-02-28,0.038463513150065576,0.04065970402250033,955.9113834809528,24852.420000000002
AUROPHARMA.NS,development,2017-02-15,2017-03-01,0.02544525887214787,0.027667880778882027,620.7419629531213,24395.1915
NTPC.NS,development,2017-02-23,2017-03-09,-0.057938579285159615,-0.055778525925734124,-1447.4786716870983,24982.98525
PAGEIND.NS,development,2017-02-23,2017-03-09,0.03971993656695762,0.043191914848176506,550.7935799784416,13866.93
POWERGRID.NS,development,2017-03-01,2017-03-15,-0.0065151583042989195,-0.004337407398760386,-162.47298735260733,24937.688351394656
BPCL.NS,development,2017-03-02,2017-03-16,-0.025090689756533547,-0.0229188100362288,-625.9102399256639,24945.91603495789
DRREDDY.NS,development,2017-03-10,2017-03-24,-0.033360316506620954,-0.03119007049328679,-831.8175506231147,24934.342288330077
GLENMARK.NS,development,2017-03-10,2017-03-24,-0.010161996468012004,-0.007989184052788489,-254.03255720597892,24998.292216064452
COALINDIA.NS,development,2017-03-16,2017-03-29,-0.005383592999763353,-0.0031939223519652257,-133.29116084377148,24758.77371295166
BHARTIARTL.NS,development,2017-03-20,2017-03-31,0.00800784206563338,0.01018838186798434,199.86993354348732,24959.27515869141
TECHM.NS,development,2017-03-29,2017-04-12,-0.0501179124343597,-0.04794368849869631,-1242.8436888868387,24798.393
ASHOKLEY.NS,development,2017-03-30,2017-04-13,-0.012641156687692615,-0.010467819982224428,-315.7632411624993,24978.983249999997
STAR.NS,development,2017-03-30,2017-04-13,-0.010898787653463344,-0.00872111081013721,-271.5897130517246,24919.259066894527
GLENMARK.NS,development,2017-04-03,2017-04-18,0.045275476700168356,0.04748603603471708,1116.5985209094795,24662.324999999997
ADANIPOWER.NS,development,2017-04-13,2017-04-27,-0.021660009154888065,-0.019490238127198068,-541.3735233929929,24994.150257356647
INFY.NS,development,2017-04-17,2017-04-28,-0.015556538274218748,-0.013363144024950736,-383.58258121100516,24657.322500000002
NMDC.NS,development,2017-04-17,2017-04-28,-0.016809943700705456,-0.014637360600588976,-419.77861329120515,24972.04159426117
RCOM.NS,development,2017-04-19,2017-05-03,-0.03597094298855775,-0.03380364158059141,-898.1396986490586,24968.478000000003
AUROPHARMA.NS,development,2017-04-28,2017-05-12,0.018706573053749016,0.02092611431140873,456.6686027027317,24412.199999999997
LUPIN.NS,development,2017-05-02,2017-05-15,-0.05495193047196646,-0.052751689148040376,-1339.958093687498,24384.185999999998
BIOCON.NS,development,2017-05-04,2017-05-17,-0.042231732900335904,-0.040066756262849806,-1054.8071899173283,24976.64948787689
TORNTPHARM.NS,development,2017-05-04,2017-05-17,-0.015901039877477603,-0.01368689778842085,-387.1039319286045,24344.567079345703
GLENMARK.NS,development,2017-05-15,2017-05-26,-0.19199747587145233,-0.18984388564564236,-4702.44825843782,24492.24
YESBANK.NS,development,2017-05-16,2017-05-29,-0.029511304996670353,-0.027332403768424954,-732.3998093390134,24817.60157409668
BATAINDIA.NS,development,2017-05-18,2017-05-31,-0.023009934822511888,-0.02080653128638044,-563.1458682181731,24474.03143737793
BHEL.NS,development,2017-05-19,2017-06-01,-0.17304002347200723,-0.1709091041526172,-4312.374327979641,24921.253716064457
CIPLA.NS,development,2017-05-29,2017-06-09,0.11620830252275013,0.11844255841662836,2860.153604180683,24612.3
JUBLFOOD.NS,development,2017-06-01,2017-06-14,0.04254427522343101,0.04473569882552466,1061.2442268055172,24944.466
IOC.NS,development,2017-06-02,2017-06-15,-0.027498949099785702,-0.02532438085823737,-684.543453228044,24893.4405
BPCL.NS,development,2017-06-16,2017-06-30,-0.05926332923119317,-0.05709439986923894,-1472.066320255991,24839.413164138794
IOC.NS,development,2017-06-16,2017-06-30,-0.06337541013489982,-0.06120948660608087,-1575.99185935291,24867.560714767456
IDBI.NS,development,2017-06-21,2017-07-05,-0.004575210211324098,-0.002397977222181068,-114.17172009443344,24954.420632268906
OIL.NS,development,2017-07-03,2017-07-14,0.03241363537027185,0.03460034616724763,809.4488728875693,24972.480366394044
SAMMAANCAP.NS,development,2017-07-05,2017-07-18,0.08374575040921554,0.08598838499174297,2038.9577389240158,24346.999447265625
TATACOMM.NS,development,2017-07-06,2017-07-19,-0.010356723129786265,-0.0081793643522795,-258.15806980038695,24926.616900466917
AJANTPHARM.NS,development,2017-07-19,2017-08-01,-0.05495259129770544,-0.05275423313993798,-1341.5136492778447,24412.2
GODFRYPHLP.NS,development,2017-07-19,2017-08-01,-0.04091429708023222,-0.03874524317490209,-1019.5482520077256,24919.119348632812
PETRONET.NS,development,2017-07-20,2017-08-02,0.025009280194260877,0.02720160186232457,621.5411352854528,24852.42
DRREDDY.NS,development,2017-08-02,2017-08-16,-0.17989065450725594,-0.17775713013452926,-4470.361637457923,24850.438449417114
ICIL.NS,development,2017-08-02,2017-08-16,-0.1890457992828742,-0.1869202464637664,-4713.499869855117,24933.110853218077
COLPAL.NS,development,2017-08-03,2017-08-17,0.01630906557821718,0.018492918692149238,406.827449134782,24944.86561376953
APOLLOHOSP.NS,development,2017-08-17,2017-08-31,-0.06194776755685563,-0.059733950149128724,-1496.3310938179338,24154.721837951656
BOSCHLTD.NS,development,2017-08-17,2017-08-31,-0.018322321303218626,-0.015959879804611034,-408.9735477814339,22321.055340820312
BALKRISIND.NS,development,2017-08-21,2017-09-04,0.0688826017269436,0.07108588955641405,1713.6567334079368,24877.93275
IDEA.NS,development,2017-09-07,2017-09-20,-0.028568932225221996,-0.026401059845286186,-714.0168277431454,24992.772642471315
GLENMARK.NS,development,2017-09-11,2017-09-22,0.07329879903058022,0.07552548692293531,1798.771879093383,24540.264000000003
RCOM.NS,development,2017-09-18,2017-09-29,-0.055434243584603894,-0.05327332569880419,-1384.7881004074768,24980.734125
INDIGO.NS,development,2017-09-21,2017-10-05,-0.02988139010171514,-0.02770572200105035,-743.025435709145,24865.825625244142
DISHTV.NS,development,2017-09-25,2017-10-09,-0.0598310597371781,-0.05766904540446755,-1492.4239651551702,24943.966757583617
BEML.NS,development,2017-10-03,2017-10-16,0.06354137383459518,0.0657644489906169,1560.0939530937264,24552.411428100586
ZEEL.NS,development,2017-10-18,2017-11-01,0.08937434668752811,0.09160718791635183,2191.2134520491886,24517.252805328368
AXISBANK.NS,development,2017-10-19,2017-11-02,0.14315958277929594,0.14540246881113408,3521.5815784433526,24598.993026351927
ICICIBANK.NS,development,2017-10-23,2017-11-03,0.21867603687000595,0.22092654639166823,5426.2274820277125,24814.00138623047
CANFINHOME.NS,development,2017-11-02,2017-11-15,-0.07581945270720547,-0.07363671151164274,-1861.843103569274,24556.272
PIDILITIND.NS,development,2017-11-03,2017-11-16,0.06615180796699038,0.06835660990816672,1643.3706665162813,24842.414999999997
UPL.NS,development,2017-11-07,2017-11-20,-0.04691557058942036,-0.044747085604507505,-1168.25292738834,24901.177001815795
AUROPHARMA.NS,development,2017-11-16,2017-11-29,0.011053610980411837,0.013264261598274506,270.94887575460007,24512.25
BATAINDIA.NS,development,2017-11-17,2017-11-30,-0.02847414226440961,-0.02629767776574914,-707.8607437590066,24859.774078033446
AMBUJACEM.NS,development,2017-11-21,2017-12-04,-0.016513288818197712,-0.014334397650278372,-410.77518483679313,24875.4315
HINDALCO.NS,development,2017-12-01,2017-12-14,-0.020705160796305355,-0.018521533816925603,-513.154339611011,24783.88575
CANBK.NS,development,2017-12-04,2017-12-15,-0.029929559793798348,-0.027761162853865748,-747.5950005068755,24978.483
GLENMARK.NS,development,2017-12-05,2017-12-18,-0.010138289829006565,-0.007959051897341519,-252.42763142499967,24898.443
BEML.NS,development,2017-12-15,2017-12-29,0.0692913883380788,0.0715012871268059,1716.8947124714202,24777.89453567505
BALRAMCHIN.NS,development,2017-12-29,2018-01-11,0.07518645991313228,0.07738997751057386,1872.326682731481,24902.444999999996
SBIN.NS,development,2017-12-29,2018-01-11,-0.028802221433418047,-0.026622778304962878,-714.6522390945419,24812.399999999998
BANKBARODA.NS,development,2018-01-01,2018-01-12,0.008724266454480562,0.010904485645375998,217.82292640624823,24967.4775
UNIONBANK.NS,development,2018-01-12,2018-01-25,0.008799517398453699,0.010982008995502284,219.3936155562509,24932.46
NTPC.NS,development,2018-01-15,2018-01-29,-0.014928354526648568,-0.012754027213398767,-372.5117781335271,24953.304630363466
AUROPHARMA.NS,development,2018-01-17,2018-01-31,-0.023070514099866914,-0.020862718476936392,-563.1096761113434,24408.198
BATAINDIA.NS,development,2018-01-29,2018-02-09,-0.0010158328552704397,0.001161585251761832,-25.362783957725462,24967.4775
BEML.NS,development,2018-01-30,2018-02-12,-0.07734301661237694,-0.07515853115522367,-1896.7156685835728,24523.425018310547
ARVIND.NS,development,2018-02-01,2018-02-15,-0.03800660398611339,-0.03583440176833403,-945.7292698301217,24883.287919532777
GLENMARK.NS,development,2018-02-12,2018-02-26,-0.008212275553120707,-0.00602950782909329,-204.0949212018881,24852.42
PNB.NS,development,2018-02-15,2018-02-28,-0.2662905506616254,-0.2641862424089065,-6635.442295855392,24918.053905288696
UBL.NS,development,2018-02-19,2018-03-05,0.02227111382680386,0.024499238138195243,541.1912730317249,24300.144
CANBK.NS,development,2018-03-05,2018-03-16,-0.06854156058301118,-0.06638446028762936,-1712.269978828015,24981.4851640892
ICICIBANK.NS,development,2018-03-05,2018-03-16,-0.024495313144244624,-0.022325282893324132,-611.828829167804,24977.38345147705
HDIL.NS,development,2018-03-06,2018-03-19,-0.1201860728879124,-0.11804348775736513,-3001.7951764303657,24976.231474256518
MFSL.NS,development,2018-03-19,2018-04-03,0.03260703990451673,0.03481389015817492,804.1980606594647,24663.326171722416
TATASTEEL.NS,development,2018-03-20,2018-04-04,-0.021944553769145003,-0.019773006643330544,-547.8496401286179,24965.17568285751
COALINDIA.NS,development,2018-03-21,2018-04-05,0.02174715933555807,0.023933194192467637,542.2710905219453,24935.2608381958
CANFINHOME.NS,development,2018-04-04,2018-04-17,0.018802222501317058,0.020995681021962254,466.43420747361654,24807.3975
HINDALCO.NS,development,2018-04-05,2018-04-18,0.1706516462696595,0.1728881888512271,4234.959793263924,24816.401633605958
MGL.NS,development,2018-04-12,2018-04-25,-0.022022206267742223,-0.019834435532738174,-544.2711599844417,24714.651809509272
HINDPETRO.NS,development,2018-04-19,2018-05-03,-0.06500387406843344,-0.06284277232721047,-1620.8734246275208,24935.02807111359
MRPL.NS,development,2018-04-19,2018-05-03,-0.006989049728119427,-0.004814940448040841,-174.67235945941377,24992.290261814116
BANKBARODA.NS,development,2018-04-26,2018-05-10,0.013162038285828398,0.01534372309498381,328.5840620372113,24964.52714250183
ADANIENT.NS,development,2018-05-04,2018-05-17,-0.029674994880117343,-0.02750595188612129,-740.9713708018523,24969.553450481417
AJANTPHARM.NS,development,2018-05-04,2018-05-17,-0.16779921251487115,-0.16562931179857293,-4086.386772050888,24352.836409698484
AMBUJACEM.NS,development,2018-05-11,2018-05-24,-0.03853662066894182,-0.03636751670103254,-960.6778077521377,24928.95825
BANKBARODA.NS,development,2018-05-18,2018-05-31,0.04249710003444187,0.044685248413191485,1062.2274237991637,24995.291983177187
BOSCHLTD.NS,development,2018-05-18,2018-05-31,0.016085264973416055,0.01888680659670163,289.6795369062497,18009.0
BHARATFORG.NS,development,2018-05-25,2018-06-07,0.013497674384339235,0.015710895500000887,330.48024507731657,24484.236
CGPOWER.NS,development,2018-06-01,2018-06-14,-0.09874432259679847,-0.09659455986292571,-2464.705096825001,24960.474000000002
MRPL.NS,development,2018-06-01,2018-06-14,0.009160001356910296,0.011343169916460994,228.2998101245072,24923.55636522674
FORTIS.NS,development,2018-06-13,2018-06-26,-0.042180637773716584,-0.04001280718632027,-1051.6670640676778,24932.46
CONCOR.NS,development,2018-06-18,2018-06-29,0.030661602558675158,0.03286352478798952,758.2589446105248,24729.91889968872
NTPC.NS,development,2018-06-18,2018-06-29,0.01738842382257183,0.01957559673188683,432.9396221476069,24898.152159461977
ADANIPOWER.NS,development,2018-06-27,2018-07-10,0.01091987055935725,0.013098699553637095,272.98599500067365,24999.013817682266
BEML.NS,development,2018-07-02,2018-07-13,-0.02218831139862053,-0.020005840099456086,-550.1610551933381,24795.084461791994
BPCL.NS,development,2018-07-02,2018-07-13,0.027334127671010934,0.029520823328570128,681.9856312002331,24949.96875
CHENNPETRO.NS,development,2018-07-11,2018-07-24,-0.013587601316856103,-0.011414697172013811,-339.43845168922036,24981.484500000002
APOLLOHOSP.NS,development,2018-07-16,2018-07-27,-0.04779761165426641,-0.04559887342884178,-1168.0403929877848,24437.2125
CANBK.NS,development,2018-07-16,2018-07-27,0.20482493650898803,0.20706200047749468,5112.5275867117125,24960.474412193296
HEROMOTOCO.NS,development,2018-07-25,2018-08-07,0.04391188812851482,0.04631505568289638,967.8340429367206,22040.365016967775
TVSMOTOR.NS,development,2018-07-30,2018-08-10,0.005371438665136579,0.007555711877228355,133.6926266415785,24889.537975982665
CHOLAFIN.NS,development,2018-07-31,2018-08-13,0.001681293039822175,0.0038585882542245104,42.00119601427555,24981.484500000002
BRITANNIA.NS,development,2018-08-08,2018-08-23,0.10341442580394705,0.1056237149440484,2579.038258447644,24938.863590820314
JETAIRWAYS.NS,development,2018-08-13,2018-08-28,0.07446762177718722,0.07666809731931196,1857.7040692330822,24946.467
BPCL.NS,development,2018-08-16,2018-08-30,-0.04741759176758113,-0.04524933297190326,-1180.813971024642,24902.445
FEDERALBNK.NS,development,2018-08-24,2018-09-06,-0.057980143029403027,-0.055818721534175816,-1447.2699157288932,24961.47543125153
REPCOHOME.NS,development,2018-08-29,2018-09-11,-0.022734710791702323,-0.02055114589295095,-563.2724937008717,24775.881200408934
INDUSINDBK.NS,development,2018-08-31,2018-09-14,-0.002757171568091054,-0.0005386142955797284,-67.09621539270405,24335.161500000002
ASIANPAINT.NS,development,2018-09-07,2018-09-24,-0.042125507315903636,-0.03988287507550735,-1003.5267290271729,23822.3060793457
APOLLOTYRE.NS,development,2018-09-12,2018-09-27,-0.04629004884703157,-0.04411684665410984,-1149.4309339547672,24831.058998298646
BANKBARODA.NS,development,2018-09-17,2018-10-01,-0.2186286457820655,-0.21650900117673044,-5442.277130526453,24892.790745964052
ADANIPOWER.NS,development,2018-09-25,2018-10-09,-0.005753703170857276,-0.003579507799428875,-143.82240099569705,24996.49299327135
ARVIND.NS,development,2018-09-28,2018-10-12,-0.03362036929069589,-0.03145424210494844,-840.4197904059865,24997.339652618408
BHARTIARTL.NS,development,2018-10-03,2018-10-16,-0.1016588847140117,-0.09951161871100592,-2540.0820684396663,24986.326336212158
BPCL.NS,development,2018-10-10,2018-10-24,0.08365516357147788,0.0858550810960799,2091.0730231278367,24996.34133571625
DISHTV.NS,development,2018-10-22,2018-11-02,-0.08349069722879293,-0.08133672775801376,-2084.2013360693036,24963.276212173463
JSWSTEEL.NS,development,2018-10-29,2018-11-12,0.015649896793695956,0.01785035826813164,386.3386262643979,24686.337
JUBLFOOD.NS,development,2018-10-29,2018-11-12,0.030017491992305707,0.03220602111603747,748.4399508992207,24933.4605
ASHOKLEY.NS,development,2018-11-15,2018-11-29,0.020930275056065754,0.023114968323773296,522.262060428229,24952.469999999998
SUNPHARMA.NS,development,2018-11-15,2018-11-29,-0.07560538829808527,-0.07342192140981632,-1855.8300478034766,24546.267
ARVIND.NS,development,2018-11-30,2018-12-13,-0.004658842329469895,-0.0024781577411977593,-116.00724252979467,24900.444
BEL.NS,development,2018-11-30,2018-12-13,-0.00779716961726839,-0.005622856785038147,-194.8160762104695,24985.4865
SRF.NS,development,2018-12-27,2019-01-09,0.027243467649005513,0.029433073153731944,678.4815357669005,24904.375041687013
EICHERMOT.NS,development,2019-01-03,2019-01-16,-0.018238325247360587,-0.015940462140120334,-422.31885342467586,23155.572
APOLLOTYRE.NS,development,2019-01-10,2019-01-23,-0.024265538616574902,-0.0220961541534708,-606.3591205338186,24988.488
DISHTV.NS,development,2019-01-18,2019-01-31,-0.3273823508137609,-0.3252987900646321,-8173.911477839681,24967.477499999997
ARVIND.NS,development,2019-01-24,2019-02-06,-0.09114453233609907,-0.08899109845802798,-2272.9043141742486,24937.363283546445
AJANTPHARM.NS,development,2019-02-01,2019-02-15,-0.05312274532871576,-0.050937186062987846,-1307.472905926236,24612.299267211914
ADANIENT.NS,development,2019-02-07,2019-02-21,-0.026549877050922807,-0.02437811778886825,-662.1874867774395,24941.26377713013
BERGEPAINT.NS,development,2019-02-18,2019-03-01,0.03438920214253288,0.03657480855072912,859.6810782104236,24998.575850852965
CONCOR.NS,development,2019-02-25,2019-03-11,0.03377033952670596,0.035972093478612154,835.6864474740484,24746.166582458496
WIPRO.NS,development,2019-03-11,2019-03-25,-0.013317034163098724,-0.011137288498607931,-331.2802948000023,24876.432
RCOM.NS,development,2019-03-14,2019-03-28,-0.11571840280318828,-0.1135759018144646,-2892.6815401103895,24997.593036521674
DISHTV.NS,development,2019-03-26,2019-04-09,0.08082348684325237,0.08302235944325527,2020.5825342700202,24999.942630397796
DABUR.NS,development,2019-04-02,2019-04-15,0.005383616435326147,0.007564469064248431,134.2817438114717,24942.665478607178
RAYMOND.NS,development,2019-04-10,2019-04-25,-0.03343203846321007,-0.03126416102991158,-834.8274069404921,24970.879590820314
DCBBANK.NS,development,2019-04-16,2019-05-03,0.11307260367336705,0.11528292799608578,2822.967949489691,24965.97635307312
LICHSGFIN.NS,development,2019-04-26,2019-05-13,-0.03805849574855279,-0.03587453017077914,-940.1340689211073,24702.344389343263
ADANIPOWER.NS,development,2019-05-06,2019-05-17,-0.06476560719755242,-0.06260838894264162,-1618.9194334626457,24996.59160956383
ARVIND.NS,development,2019-05-14,2019-05-27,0.052751296678056635,0.054943548131157434,1317.5840882117327,24977.28342590332
AUROPHARMA.NS,development,2019-05-20,2019-05-31,-0.018473071556309232,-0.01627556274661425,-454.11030982258706,24582.284999999996
PAGEIND.NS,development,2019-05-28,2019-06-11,0.018286968762845766,0.020901600903241134,359.69241872436294,19669.32975
GODFRYPHLP.NS,development,2019-06-03,2019-06-17,-0.0725738713282494,-0.07041116684062793,-1805.3789041655882,24876.43102294922
RCOM.NS,development,2019-06-12,2019-06-25,-0.26790693102975127,-0.2658082929279438,-6697.430552387279,24999.09400120568
AJANTPHARM.NS,development,2019-06-18,2019-07-01,-0.002427834499873994,-0.0002511434826716367,-60.62904849141333,24972.480000000003
EICHERMOT.NS,development,2019-06-26,2019-07-09,-0.004290792199155073,-0.002102029485495572,-106.31515817337065,24777.5126920166
CASTROLIND.NS,development,2019-07-02,2019-07-15,-0.05701974964456288,-0.054854252263181254,-1419.9311794374964,24902.444999999996
BSOFT.NS,development,2019-07-10,2019-07-23,-0.07928828350144272,-0.07713396895640229,-1980.3621807479242,24976.731659374236
AJANTPHARM.NS,development,2019-07-16,2019-07-29,0.012505440733995472,0.01469261249502193,311.09074604926843,24876.432
APOLLOTYRE.NS,development,2019-07-30,2019-08-13,0.04066498899222207,0.04285665745890583,1013.8700540221931,24932.259399261475
ARVIND.NS,development,2019-08-14,2019-08-28,-0.08266305729176913,-0.08051019120134696,-2065.2691551361277,24984.185472919464
BEML.NS,development,2019-08-14,2019-08-28,0.11459574272843887,0.11681938985323967,2838.176482202091,24766.85795324707
JSWSTEEL.NS,development,2019-08-29,2019-09-13,0.10603351640200265,0.1082476110693406,2637.693165379589,24876.03217250061
RBLBANK.NS,development,2019-08-29,2019-09-13,0.18176018501066346,0.18400494290422803,4496.631286806055,24739.3635
RECLTD.NS,development,2019-09-19,2019-10-03,-0.056316017111419855,-0.05415162024181971,-1403.5446494080695,24922.654715286255
DISHTV.NS,development,2019-09-20,2019-10-04,-0.1509108561008888,-0.14877814903430853,-3771.6380619929027,24992.49
BSOFT.NS,development,2019-10-04,2019-10-18,0.05986803539389387,0.062063662942024755,1494.1009204288557,24956.57174314499
AUROPHARMA.NS,development,2019-10-07,2019-10-22,-0.15203336948765186,-0.1498804867789561,-3751.6562407338242,24676.53156262207
INDIGO.NS,development,2019-10-23,2019-11-05,-0.12627320273533943,-0.1240207723248735,-2948.43748744007,23349.668999999998
INFY.NS,development,2019-10-23,2019-11-05,0.10103216710370602,0.10326404355021133,2483.6015259109263,24582.285000000003
IOC.NS,development,2019-11-06,2019-11-20,-0.05055551486262794,-0.0483891992456138,-1259.7719511055418,24918.586123168945
KAJARIACER.NS,development,2019-11-06,2019-11-20,-0.03397962687897528,-0.03180991429815205,-847.447301118294,24939.864823608397
HEROMOTOCO.NS,development,2019-11-21,2019-12-04,-0.01900160329857267,-0.016817388641165807,-470.9050485624978,24782.385
ARVIND.NS,development,2019-12-05,2019-12-18,0.011583888540104883,0.013764416534330822,289.3131939314515,24975.481499999998
INDIANB.NS,development,2019-12-19,2020-01-02,-0.05652644251983511,-0.05436646392005936,-1412.623420153076,24990.488648872375
BAJAJ-AUTO.NS,development,2020-01-06,2020-01-17,0.011938126676660311,0.014145043946624056,293.3469913743666,24572.28
CGPOWER.NS,development,2020-01-20,2020-01-31,0.13217776246343502,0.13439145487190624,3304.3307536152893,24999.142760715007
BEL.NS,development,2020-02-03,2020-02-14,-0.026575659476476287,-0.024406019862554716,-663.7044098890384,24974.146379190443
GLENMARK.NS,development,2020-02-03,2020-02-14,0.10361482269129847,0.10583790572546996,2562.0999777768952,24727.156899261474
ENGINERSIN.NS,development,2020-02-17,2020-03-02,-0.15066388318210128,-0.14852868213009415,-3759.7753241246905,24954.72202571869
IDEA.NS,development,2020-02-17,2020-03-02,-0.07112077881519817,-0.06896551637190843,-1777.9194299131202,24998.593372169136
ACC.NS,development,2020-03-03,2020-03-17,-0.13026679592805887,-0.1280949189840614,-3189.4829744664326,24484.236
ADANIENT.NS,development,2020-03-18,2020-03-31,0.008805544226827606,0.010991283395083132,219.10072903935168,24882.13373249817
TVSMOTOR.NS,development,2020-04-07,2020-04-22,0.1871202858767492,0.18935586460775813,4660.127055122063,24904.446
INDIGO.NS,development,2020-04-27,2020-05-11,0.05136529916891743,0.053582892284433845,1262.6764232805915,24582.285
BPCL.NS,development,2020-05-12,2020-05-26,0.0048360358487128585,0.007022556041102956,120.18719404726842,24852.420000000002
REPCOHOME.NS,development,2020-05-27,2020-06-09,0.12137350953709142,0.12358412367158136,3034.1790149583894,24998.69227256012
DISHTV.NS,development,2020-06-01,2020-06-12,0.4898251157993225,0.492141655019187,12245.256756201456,24999.242303488256
HCLTECH.NS,development,2020-06-26,2020-07-09,0.06563517247204197,0.06784488501451198,1625.430470847507,24764.625575408936
BHARATFORG.NS,development,2020-06-30,2020-07-13,0.1676003431312369,0.16983076019189083,4172.819906090241,24897.4425
MGL.NS,development,2020-07-10,2020-07-23,0.012111501376763348,0.014336703959578378,294.3112275115476,24300.144
BATAINDIA.NS,development,2020-07-14,2020-07-27,0.003713189549365528,0.0059628335592614955,88.78291920846759,23910.15002819824
PETRONET.NS,development,2020-07-27,2020-08-07,0.009764684391480594,0.011952055060552719,242.7615213734398,24861.174375
GODREJCP.NS,development,2020-07-28,2020-08-10,0.018525607285996316,0.020726202989289524,457.5249442141307,24696.89317877197
CONCOR.NS,development,2020-08-11,2020-08-24,0.004395190532053316,0.006575900503119116,109.61809123781657,24940.464
PAGEIND.NS,development,2020-08-11,2020-08-24,0.09953905082695967,0.1022601389902253,1881.033638815624,18897.444
COLPAL.NS,development,2020-08-31,2020-09-11,0.016699208136310064,0.018971397299572236,394.84220061166445,23644.366690246585
HINDUNILVR.NS,development,2020-08-31,2020-09-11,-0.00039979386560846654,0.0018646578197889076,-9.468652346876961,23683.836
COALINDIA.NS,development,2020-09-14,2020-09-25,-0.07418510920876843,-0.07202828367049036,-1851.6954895926253,24960.474000000002
BHARTIARTL.NS,development,2020-09-15,2020-09-28,-0.06986765619294365,-0.06769472909676447,-1727.911885226138,24731.212972915648
MGL.NS,development,2020-09-28,2020-10-12,-0.024084100565762715,-0.021903950551505867,-597.8252983040912,24822.405
BPCL.NS,development,2020-10-01,2020-10-15,-0.09109409007683138,-0.08893781069636152,-2267.645311229242,24893.440499999997
VEDL.NS,development,2020-10-13,2020-10-26,0.051073278739777066,0.05326871040432188,1272.7615891883597,24920.303152519227
SUNTV.NS,development,2020-10-16,2020-10-29,-0.03454028777711479,-0.03235696200366863,-854.0969675517698,24727.55794807434
BAJAJFINSV.NS,development,2020-10-27,2020-11-09,0.09845433736210092,0.10068945693939624,2414.322366649466,24522.254999999997
CANBK.NS,development,2020-10-30,2020-11-12,0.047721051419812935,0.04991095084364168,1192.616304662198,24991.40880552864
CIPLA.NS,development,2020-11-11,2020-11-24,0.0257608615241318,0.027961345592436446,637.0753536410666,24730.359
PIDILITIND.NS,development,2020-11-27,2020-12-11,0.05760478558032127,0.059815553963963,1423.5957748324713,24713.151181640624
AMBUJACEM.NS,development,2020-12-11,2020-12-24,-0.01487863477962248,-0.012704882223041064,-371.4075487204567,24962.475000000002
ACC.NS,development,2020-12-14,2020-12-28,-0.002117034947613174,0.0001034150637733153,-51.46490471564819,24309.89850860596
RELIANCE.NS,development,2021-01-07,2021-01-20,0.06606799277534718,0.06827363431368469,1640.4088153063055,24829.100240478514
NESTLEIND.NS,development,2021-01-13,2021-01-27,-0.03148452866390965,-0.02927632119495063,-767.1554698416745,24366.109400299072
BANDHANBNK.NS,development,2021-01-22,2021-02-05,-0.014016510581875816,-0.01184411456381181,-350.23738295823966,24987.4875
BIOCON.NS,development,2021-01-22,2021-02-05,-0.03959857593425127,-0.03743010579742764,-987.3532856711671,24934.060439712524
BRITANNIA.NS,development,2021-02-09,2021-02-22,-0.05035310026251026,-0.04816243769108223,-1236.0310215981597,24547.2675
NESTLEIND.NS,development,2021-02-18,2021-03-03,-0.007100097519920965,-0.004880975550454493,-172.59163954346653,24308.347745819094
AUROPHARMA.NS,development,2021-02-23,2021-03-08,0.010505302884518302,0.012704718568792983,259.2680701861981,24679.732991638182
BAJAJ-AUTO.NS,development,2021-03-18,2021-04-01,0.03631628853110444,0.03875438566967126,784.3880348278874,21598.794
HAVELLS.NS,development,2021-03-18,2021-04-01,-0.011655409909324553,-0.009453940622928038,-286.1650087726533,24552.1188013916
INDIGO.NS,development,2021-04-06,2021-04-20,-0.009968933126239754,-0.007691966817552208,-233.9881067271554,23471.73
UBL.NS,development,2021-04-07,2021-04-22,9.535325467259055e-05,0.002296481455158053,2.3464813062530006,24608.298
BANKBARODA.NS,development,2021-04-22,2021-05-05,0.16202203099378135,0.16424703626174167,4043.514440466365,24956.57174314499
ESCORTS.NS,development,2021-04-26,2021-05-07,0.014532015035870562,0.01677936128949189,348.58942560352716,23987.686824096683
GODREJPROP.NS,development,2021-05-06,2021-05-20,0.052457650371135416,0.054686897854063644,1280.6066523902318,24412.199999999997
TATACHEM.NS,development,2021-05-07,2021-05-21,0.03717569654603198,0.039395193006954585,910.5160819725862,24492.24
NAUKRI.NS,development,2021-05-14,2021-05-27,0.01086637462590586,0.013060352893450415,269.09898699279205,24764.376
JINDALSTEL.NS,development,2021-05-21,2021-06-03,-0.024351786557664554,-0.02216805386123807,-603.1006355760518,24766.176154998782
HDFCLIFE.NS,development,2021-05-26,2021-06-08,0.03571468074683393,0.037929132185714476,877.2159437718967,24561.77475
CUMMINSIND.NS,development,2021-05-28,2021-06-10,0.070350333045359,0.07259625280742017,1705.4126565003264,24241.714042785647
AUROPHARMA.NS,development,2021-06-07,2021-06-18,-0.015743706682137665,-0.013513756328709098,-379.63272737120656,24113.30031967163
PETRONET.NS,development,2021-06-10,2021-06-23,0.0010907713710045324,0.0032762144901987453,27.108308236180463,24852.420000000002
BHEL.NS,development,2021-06-15,2021-06-28,-0.0170462761237884,-0.014871938188918767,-425.19659204756164,24943.66446723175
ASHOKLEY.NS,development,2021-06-21,2021-07-02,0.061914596190444676,0.06411150670771464,1544.5070893069587,24945.766981281282
IDFCFIRSTB.NS,development,2021-07-01,2021-07-14,-0.013777944435730998,-0.011603660051286073,-343.88540468180764,24959.12262427139
IDEA.NS,development,2021-07-05,2021-07-16,0.0700575523611923,0.07225360102192876,1751.1370110260864,24995.692141767027
TMPV.NS,development,2021-07-07,2021-07-20,-0.04742616632018852,-0.04526267276934988,-1184.5387894251949,24976.482
GAIL.NS,development,2021-07-16,2021-07-30,-0.04119591300311137,-0.03902908610887983,-1027.9397562894426,24952.46934354401
ZEEL.NS,development,2021-07-19,2021-08-02,-0.03031062570535839,-0.028141953295977355,-756.9314942145484,24972.480000000003
ADANIPORTS.NS,development,2021-07-22,2021-08-04,0.020875479802808107,0.02309510760080752,509.7834753824538,24420.204
BHEL.NS,development,2021-08-02,2021-08-13,-0.04662650500403754,-0.04446399976589648,-1165.452378894879,24995.490843544005
LICHSGFIN.NS,development,2021-08-03,2021-08-16,-0.04435800019925348,-0.04216992039303305,-1091.7524083040864,24612.3
IDEA.NS,development,2021-08-05,2021-08-18,0.19042311968364078,0.1926536168320819,4760.2530048524995,24998.29334148574
AUROPHARMA.NS,development,2021-08-16,2021-08-30,-0.06879726692064314,-0.06661037913787789,-1687.2017860621843,24524.256
GRANULES.NS,development,2021-08-17,2021-08-31,-0.07189314805701606,-0.06973205713107479,-1790.4590542873862,24904.446427459716
COALINDIA.NS,development,2021-08-20,2021-09-02,0.026084712661094814,0.02827427084575614,649.5078779961736,24899.94375
AUBANK.NS,development,2021-09-01,2021-09-15,-0.03444523529692104,-0.03225509737482072,-848.1900141933845,24624.306
BPCL.NS,development,2021-09-17,2021-09-30,-0.023597354489879274,-0.02142395424776468,-588.2574648886505,24928.95825
SAIL.NS,development,2021-09-20,2021-10-01,0.030498487862391035,0.032683685623008746,762.0805842303977,24987.4875
GLENMARK.NS,development,2021-09-21,2021-10-04,0.04421221536647351,0.04641265618234378,1097.0111725590873,24812.399999999998
AXISBANK.NS,development,2021-10-01,2021-10-14,0.04682786482994372,0.04905356095951332,1144.5205552324696,24441.015181640625
CUMMINSIND.NS,development,2021-10-04,2021-10-18,-0.012383610704249972,-0.010198886500716323,-307.1605540201025,24803.796029754638
BRITANNIA.NS,development,2021-10-05,2021-10-19,-0.02893262636490235,-0.026654109401024615,-676.3198733307734,23375.682
BIOCON.NS,development,2021-10-18,2021-10-29,0.006212533893535593,0.008409680548288275,153.42157573366495,24695.49114143372
HCLTECH.NS,development,2021-10-19,2021-11-01,-0.03681054081314867,-0.03462029048833063,-905.992073655459,24612.3
AMBUJACEM.NS,development,2021-10-20,2021-11-02,0.03778901691917318,0.03999854292802459,931.3222821968777,24645.316499999997
ALKEM.NS,development,2021-11-01,2021-11-15,-0.009835582746216274,-0.007417248272717279,-213.18361383036432,21674.73136376953
PIIND.NS,development,2021-11-03,2021-11-17,0.028955682038117145,0.03132132729382297,650.0903876878165,22451.22
INDUSINDBK.NS,development,2021-11-09,2021-11-23,-0.09570034936097531,-0.09354423102014982,-2380.5874850550103,24875.431500000002
BAJAJ-AUTO.NS,development,2021-11-16,2021-11-30,-0.10686432459198383,-0.10447504353316636,-2317.6989176181028,21688.238113769534
BALKRISIND.NS,development,2021-11-18,2021-12-02,-0.05445541732628301,-0.05217584756009083,-1266.721497062498,23261.625
BPCL.NS,development,2021-11-24,2021-12-07,-0.03678112148359219,-0.03460839535368953,-915.137639346503,24880.63447860718
ASHOKLEY.NS,development,2021-12-01,2021-12-14,0.045819153718871776,0.048009719734249,1144.217899861451,24972.48
TVSMOTOR.NS,development,2021-12-17,2021-12-30,-0.03250351434388936,-0.03032030956946736,-804.0837366148418,24738.363
APOLLOHOSP.NS,development,2021-12-20,2021-12-31,0.044994585175394314,0.04725597503369778,1075.90827098477,23911.95
CHOLAFIN.NS,development,2021-12-20,2021-12-31,0.031860769083416875,0.03406928255205423,784.8840326498103,24634.811250000002
RBLBANK.NS,development,2021-12-31,2022-01-13,0.1539928342001422,0.1562202555630328,3831.83985209965,24883.234807662964
IDEA.NS,development,2022-01-12,2022-01-25,-0.07731262552159535,-0.07515911167107198,-1932.6681571851443,24998.092409179688
WIPRO.NS,development,2022-01-17,2022-01-31,-0.10810297972812256,-0.1059554263363212,-2697.4904370921954,24952.97025
AUROPHARMA.NS,development,2022-01-18,2022-02-01,-0.04516368192341308,-0.042982153238249665,-1115.9199699249996,24708.347999999998
AMBUJACEM.NS,development,2022-01-27,2022-02-09,0.08706813600930272,0.08927352925673962,2170.29139938922,24926.356516433716
TORNTPHARM.NS,development,2022-02-01,2022-02-14,-0.053083594293508896,-0.050868081382494656,-1282.8806016045658,24167.1766706543
HINDPETRO.NS,development,2022-02-04,2022-02-17,0.04972645330106903,0.05191703106210279,1242.6552498343522,24989.822666633605
BALKRISIND.NS,development,2022-02-15,2022-02-28,-0.12512474099874663,-0.12297947470635914,-3117.163853894225,24912.449999999997
BHEL.NS,development,2022-02-15,2022-02-28,-0.08039095111925282,-0.07823591027362313,-2006.5962452473811,24960.474000000002
MANAPPURAM.NS,development,2022-02-18,2022-03-04,-0.04489088116571665,-0.04272554113478175,-1120.434779399058,24959.07298551178
INDUSTOWER.NS,development,2022-03-02,2022-03-15,-0.028522246378719595,-0.02635140178114033,-711.5349752520632,24946.666745819093
AARTIIND.NS,development,2022-03-07,2022-03-21,0.13525291969620637,0.13747954224181871,3355.9495446701503,24812.399999999998
MFSL.NS,development,2022-03-28,2022-04-08,0.08507749853939424,0.08732424436076112,2066.693225359438,24291.889875
ESCORTS.NS,development,2022-03-29,2022-04-11,-0.043323863858731895,-0.041050656940780195,-1013.4183929856604,23391.690000000002
HCLTECH.NS,development,2022-04-12,2022-04-27,-0.033899144723171314,-0.03172477462132066,-843.0049098053519,24868.02887475586
INFY.NS,development,2022-04-12,2022-04-27,-0.11996287008842388,-0.11779686328710653,-2953.1622617349326,24617.3025
AUROPHARMA.NS,development,2022-04-28,2022-05-12,-0.09621732940766352,-0.09403972035981055,-2361.6751331279916,24545.215998687745
INDIGO.NS,development,2022-04-28,2022-05-12,-0.11022140953348518,-0.10799323777322725,-2617.744037415624,23749.869
AUROPHARMA.NS,development,2022-05-13,2022-05-26,-0.07950290566194505,-0.07734681879033532,-1983.4519185211745,24948.168900329587
BANKBARODA.NS,development,2022-05-13,2022-05-26,-0.00011492494314486974,0.0020668081841422868,-2.8621420406044784,24904.446
DIVISLAB.NS,development,2022-05-27,2022-06-09,-0.003076788995889699,-0.000872530576166132,-75.52676252316084,24547.2675
ONGC.NS,development,2022-05-30,2022-06-10,0.1265376429972936,0.12875488651421396,3153.1411677620918,24918.602030776976
DEEPAKNTR.NS,development,2022-06-10,2022-06-23,0.009737250407278663,0.011925530150215639,241.94163265391083,24847.017641967774
AUBANK.NS,development,2022-06-13,2022-06-24,0.037679454689286344,0.039879318298180144,934.1637356441158,24792.39
IEX.NS,development,2022-06-30,2022-07-13,0.012134332110811108,0.014315531977527038,302.96366395420387,24967.4775
AUBANK.NS,development,2022-07-06,2022-07-19,0.006456410051624169,0.008655016282802817,159.30759868550183,24674.331000000002
HCLTECH.NS,development,2022-07-14,2022-07-27,-0.001255175958383164,0.0009804121797083742,-30.239624613191804,24091.940585083004
GLENMARK.NS,development,2022-07-25,2022-08-05,0.011597134262617066,0.013777804109366415,289.61905643372137,24973.329606719974
BIOCON.NS,development,2022-07-29,2022-08-12,0.003579242139276074,0.005773740013816321,88.49445511311256,24724.35551147461
APLLTD.NS,development,2022-08-08,2022-08-23,-0.046195992498960475,-0.04399806634186364,-1129.7794480649122,24456.222
ABBOTINDIA.NS,development,2022-08-16,2022-08-29,-0.013928050827694173,-0.011246632501384265,-264.0824664812501,18960.4755
DIVISLAB.NS,development,2022-08-24,2022-09-07,0.007831919105536385,0.010018652989196433,194.72050136746543,24862.425
BSOFT.NS,development,2022-08-30,2022-09-13,0.057860228831365955,0.060056539701066,1442.8583421441344,24936.96225
APLLTD.NS,development,2022-09-08,2022-09-21,-0.053629132956167544,-0.051463402511468186,-1336.1135772351602,24913.95075
TORNTPOWER.NS,development,2022-09-15,2022-09-28,-0.10500925519688196,-0.10284773539592315,-2599.0966108578646,24751.119375
CANFINHOME.NS,validation,2022-09-22,2022-10-06,-0.09611273408847792,-0.09395641088084657,-2390.3650347887697,24870.43009918213
CANBK.NS,validation,2022-09-29,2022-10-13,0.04063719006428128,0.04282675387044785,1014.5024009864484,24964.875754983903
GODREJCP.NS,validation,2022-10-07,2022-10-20,-0.03688674109345018,-0.034712686147169436,-916.9904863492444,24859.623245819093
BIOCON.NS,validation,2022-10-14,2022-10-28,0.024562480875085075,0.026749544230136372,612.388341160844,24931.86027401733
APLLTD.NS,validation,2022-10-21,2022-11-04,0.19861096881425339,0.20087105626406798,4881.86445055573,24580.034424591064
BALRAMCHIN.NS,validation,2022-10-31,2022-11-14,0.08392404504009551,0.08613602987415844,2082.197399252908,24810.498567581177
BANDHANBNK.NS,development,2022-11-07,2022-11-21,-0.08856049834802529,-0.08640432971111874,-2205.7273583986794,24906.447
BATAINDIA.NS,validation,2022-11-15,2022-11-28,-0.02273428869918182,-0.020528396276225446,-555.5808249541413,24438.012216064453
BAJFINANCE.NS,validation,2022-11-22,2022-12-05,-0.00665006306837025,-0.004458829512844872,-164.45130067137103,24729.28436627197
GRANULES.NS,validation,2022-11-30,2022-12-13,-0.03977654966785288,-0.037612138614196516,-994.2742055600871,24996.492
MARUTI.NS,validation,2022-12-08,2022-12-21,-0.04062288327637316,-0.037751754217020275,-704.3465644631367,17338.665
BIOCON.NS,validation,2022-12-14,2022-12-27,-0.011147566525417771,-0.008967468567904414,-277.35851749350485,24880.633532089232
GNFC.NS,validation,2022-12-22,2023-01-04,0.03934305711076915,0.041562776563200905,963.8357734625006,24498.243
BAJAJFINSV.NS,validation,2023-01-09,2023-01-20,-0.08220411021372062,-0.08002684820637146,-2023.1499766008872,24611.2995
NAVINFLUOR.NS,validation,2023-01-09,2023-01-20,0.0386085625034652,0.04090408893734782,903.7761991620221,23408.698500000002
AARTIIND.NS,validation,2023-01-23,2023-02-06,0.00973369511384612,0.01194314048925542,238.71551576135013,24524.655125244142
ASIANPAINT.NS,validation,2023-01-23,2023-02-06,-0.02018658239907648,-0.017831887191867245,-452.40553546218285,22411.2
DIVISLAB.NS,validation,2023-02-07,2023-02-20,0.035650101748884604,0.03802715740820287,796.1508998172138,22332.359818359375
HDFCLIFE.NS,development,2023-02-07,2023-02-20,0.04591778187069137,0.048126626075844475,1133.766932881708,24691.239138565063
BATAINDIA.NS,validation,2023-02-21,2023-03-06,-0.017120992074704168,-0.014917053620032098,-419.3168725932004,24491.388744506836
CIPLA.NS,validation,2023-02-21,2023-03-06,-0.09522741924948316,-0.09303016519519858,-2309.9431450179386,24257.122194671632
BALKRISIND.NS,validation,2023-03-14,2023-03-27,-0.02415804190274194,-0.021904082955984814,-573.3974325589656,23735.26111376953
HDFCAMC.NS,development,2023-03-14,2023-03-27,-0.02084852615346804,-0.018666470501385805,-517.1976755782276,24807.3975
IDEA.NS,validation,2023-03-28,2023-04-13,0.004644435187351139,0.006821620946881312,116.09458700514125,24996.492000000002
IEX.NS,validation,2023-03-29,2023-04-17,0.20647409431808514,0.2087114526544519,5154.269802991034,24963.275998443598
CUMMINSIND.NS,validation,2023-04-18,2023-05-02,0.062232641522994084,0.06449090659247529,1495.3264083756342,24028.008
INFY.NS,validation,2023-04-18,2023-05-02,0.00216445126837594,0.004397639983172463,52.25226394460521,24141.11359680176
ATUL.NS,validation,2023-05-03,2023-05-16,0.03579253220119992,0.038410064244159735,704.7545828180714,19689.989488769534
GODREJCP.NS,validation,2023-05-03,2023-05-16,0.08806644342571272,0.0903261961252384,2123.638708156251,24114.051
BALRAMCHIN.NS,validation,2023-05-17,2023-05-30,0.02651665500372282,0.028718535469107537,655.2888592812496,24712.35
GRANULES.NS,validation,2023-05-18,2023-05-31,-0.022620549487564486,-0.020433874306372127,-559.3780867495998,24728.757674835204
CUB.NS,validation,2023-05-31,2023-06-13,-0.012819314720667014,-0.010645166633764983,-320.04109682650693,24965.53862668991
GMRAIRPORT.NS,validation,2023-06-01,2023-06-14,0.0550435234683995,0.05723612627967802,1375.1019452646321,24982.084332847597
SRF.NS,validation,2023-06-14,2023-06-27,-0.024746238071692888,-0.02248212461602695,-583.7832690878616,23590.78852294922
ZEEL.NS,validation,2023-06-21,2023-07-05,0.03511326511331091,0.037307763692123165,873.0448339119913,24863.675625
SHREECEM.NS,validation,2023-06-28,2023-07-12,0.005038145400779129,0.00727760819109675,121.22798058718242,24062.025
AARTIIND.NS,validation,2023-07-06,2023-07-19,-0.049096674471793146,-0.046932055444670315,-1225.0341756343753,24951.4695
ATUL.NS,validation,2023-07-13,2023-07-26,-0.007815902193596772,-0.005217072314906431,-154.36305225625108,19749.87
ABB.NS,validation,2023-07-21,2023-08-03,0.03614035628099766,0.03862846053595182,760.0501241710841,21030.51
IEX.NS,validation,2023-07-28,2023-08-10,0.07291666214914241,0.07511635721834227,1819.392485434294,24951.669917541505
BAJAJFINSV.NS,validation,2023-08-04,2023-08-18,-0.03151821549374573,-0.029287964752005288,-757.7992258074713,24043.214818359374
GNFC.NS,validation,2023-08-11,2023-08-25,0.02747398978129688,0.029669942152016963,681.5581854155697,24807.3975
MGL.NS,validation,2023-08-16,2023-08-29,0.03867163127292114,0.04088226837311141,952.5715979127422,24632.309694671632
HINDPETRO.NS,validation,2023-09-01,2023-09-14,0.032331484421107635,0.0345188138393065,807.0738468954902,24962.474236679074
ABBOTINDIA.NS,validation,2023-09-04,2023-09-15,0.015908169867140564,0.018234370983263137,364.45694971172884,22910.048909179688
TORNTPHARM.NS,validation,2023-09-04,2023-09-15,0.03327517302530283,0.035564212353656977,781.1923360062501,23476.7325
INDIGO.NS,validation,2023-09-18,2023-10-03,0.0023859107179778536,0.004624610771537353,57.40984334375106,24062.024999999998
APOLLOTYRE.NS,validation,2023-09-20,2023-10-04,-0.0026074333604340213,-0.00041980657620416777,-64.67059214166197,24802.395
PIIND.NS,validation,2023-09-21,2023-10-05,-0.03623317620302234,-0.034036124446147446,-888.1566733825344,24512.25
NAVINFLUOR.NS,validation,2023-10-04,2023-10-17,-0.03601183287842827,-0.03370219372531092,-825.8039051783627,22931.46
MOTHERSON.NS,validation,2023-10-05,2023-10-18,0.029506983316835492,0.03169486144151263,735.9424265033355,24941.29672969437
MARICO.NS,validation,2023-10-09,2023-10-20,0.008521745373940664,0.010724220086877859,209.84461875632098,24624.605588195802
BIOCON.NS,validation,2023-10-19,2023-11-02,-0.07572908781065685,-0.07356677309880613,-1883.2633677249974,24868.428
MPHASIS.NS,validation,2023-10-19,2023-11-02,-0.031565442381109324,-0.02938393112495147,-781.8264046563629,24768.42856237793
BANDHANBNK.NS,validation,2023-10-23,2023-11-06,-0.03967952748670919,-0.03750710442384076,-986.9262698462503,24872.43
JINDALSTEL.NS,validation,2023-11-03,2023-11-17,0.08369388855364933,0.08593245496638503,2042.7332674719087,24407.197500000002
PETRONET.NS,validation,2023-11-03,2023-11-17,-0.010507867202922317,-0.008327856819215678,-261.4865460710322,24884.835430572515
BAJFINANCE.NS,validation,2023-11-21,2023-12-05,0.033621865582252934,0.035819423369869395,834.1550808818051,24809.89875
CHOLAFIN.NS,validation,2023-11-22,2023-12-06,0.04181145704739497,0.044045424606479235,1015.886357835798,24296.84181262207
MOTHERSON.NS,validation,2023-11-23,2023-12-07,0.06672466148960345,0.06892257592318642,1664.8916493938432,24951.668726760865
BALRAMCHIN.NS,validation,2023-12-08,2023-12-21,-0.038872963992333025,-0.03669641703501275,-964.5315317633639,24812.399999999998
LALPATHLAB.NS,validation,2023-12-12,2023-12-26,0.006608750636381811,0.008821609930931514,161.65003014654863,24459.998423400877
MARUTI.NS,validation,2023-12-13,2023-12-27,-0.010892572541552665,-0.008390447633326277,-225.8069501125017,20730.36
ESCORTS.NS,validation,2023-12-22,2024-01-05,-0.06399194273678203,-0.0617604941051772,-1528.891656350632,23891.94
PVRINOX.NS,validation,2023-12-27,2024-01-09,-0.06636238840366429,-0.06409272868065066,-1549.5398032749995,23349.668999999998
EICHERMOT.NS,validation,2024-01-03,2024-01-16,-0.02986790920798821,-0.027589683214764776,-698.1917212584923,23375.982443115234
ASTRAL.NS,validation,2024-01-09,2024-01-23,-0.02994668048037441,-0.02769190978576821,-709.7496136763831,23700.443664916995
BATAINDIA.NS,validation,2024-01-10,2024-01-24,-0.07079318113053176,-0.06854238197650342,-1670.137862663468,23591.79
ASIANPAINT.NS,validation,2024-01-24,2024-02-07,-0.02783999906140893,-0.025636526273227926,-680.7497818493647,24452.22
BATAINDIA.NS,validation,2024-01-25,2024-02-08,-0.03414384229109314,-0.031967234724621894,-847.8738907477642,24832.41
AUROPHARMA.NS,validation,2024-02-08,2024-02-21,0.03440079308897295,0.03664800894245839,828.0969232615495,24072.03
BANDHANBNK.NS,validation,2024-02-09,2024-02-22,-0.06075714021804187,-0.058589483487016106,-1509.9619666976682,24852.420000000002
BSOFT.NS,validation,2024-02-27,2024-03-12,-0.030054427781958812,-0.027836114734376093,-728.0115749045192,24223.105499999998
LALPATHLAB.NS,validation,2024-02-28,2024-03-13,-0.15456103075518715,-0.15242336336538603,-3848.4177727435804,24899.01726159668
ABFRL.NS,validation,2024-03-13,2024-03-27,-0.04500577581371875,-0.0428310445862869,-1116.7373503634628,24813.200754180907
AARTIIND.NS,validation,2024-03-14,2024-03-28,0.07659821871419296,0.07881844435765206,1888.3237991722735,24652.32
INFY.NS,validation,2024-03-28,2024-04-12,-0.00536500566879088,-0.003110672314239566,-127.72092152767365,23806.29759082031
CIPLA.NS,validation,2024-04-16,2024-04-30,0.00713346841671408,0.009314837166254272,177.9262863124964,24942.465000000004
COFORGE.NS,validation,2024-04-18,2024-05-02,-0.05000004203184666,-0.04777632425843191,-1203.042203230648,24060.8238381958
APOLLOHOSP.NS,validation,2024-05-02,2024-05-15,-0.020254058108401033,-0.01800358267222157,-482.0525496395374,23800.29459082031
HCLTECH.NS,validation,2024-05-03,2024-05-16,-0.01961546621503901,-0.01742422628857214,-483.9592555612934,24672.329999999998
AARTIIND.NS,validation,2024-05-16,2024-05-30,0.007879617777656394,0.010071820544192076,195.24457742063012,24778.432524261472
CUB.NS,validation,2024-05-22,2024-06-04,-0.07512269757187397,-0.07296729739562212,-1876.451024213195,24978.483
DEEPAKNTR.NS,validation,2024-05-31,2024-06-13,0.09198489237534306,0.0942389774462308,2227.2487455156493,24213.201624755857
ATUL.NS,validation,2024-06-05,2024-06-19,0.13353881196605177,0.1359768108646408,2928.6343436750026,21930.96
TITAN.NS,validation,2024-07-08,2024-07-22,0.011861387104455454,0.014223069869778992,266.1602035737163,22439.214
AUBANK.NS,validation,2024-07-09,2024-07-23,0.01733442311277674,0.019552053050918658,423.5633657999488,24434.811764099122
ABB.NS,validation,2024-07-23,2024-08-05,-0.04250649026006724,-0.04022723797104127,-990.9325971716756,23312.50101123047
BAJFINANCE.NS,validation,2024-07-24,2024-08-06,-0.017502397410489062,-0.01530202176335124,-429.5659865321456,24543.2655
ABCAPITAL.NS,validation,2024-08-06,2024-08-20,0.04610104270990915,0.04829361785889847,1149.873644255414,24942.465
ACC.NS,validation,2024-08-07,2024-08-21,-0.026676947195163603,-0.024428997039304505,-635.1754313775447,23809.89948852539
ZYDUSLIFE.NS,validation,2024-08-27,2024-09-09,-0.030806983093185202,-0.02863909508712758,-769.634993020753,24982.485
IDEA.NS,validation,2024-09-03,2024-09-16,-0.1266334033650426,-0.12449341970069273,-3164.3013422939002,24987.888331266407
ADANIPORTS.NS,out_of_sample,2024-09-10,2024-09-23,0.008188601576932842,0.010400897112005899,200.41791925669634,24475.231499999998
GRANULES.NS,validation,2024-09-17,2024-09-30,0.01376294258558282,0.01596082761961747,340.183503325112,24717.3525
ATUL.NS,out_of_sample,2024-09-24,2024-10-08,0.021282962361372084,0.02361118218754131,487.46168412853405,22903.845613769532
AUROPHARMA.NS,out_of_sample,2024-10-01,2024-10-15,0.013495621310944006,0.015691466142734044,333.9811002227631,24747.3675
ASHOKLEY.NS,out_of_sample,2024-10-09,2024-10-22,-0.03734195782582008,-0.03517594916530993,-932.8949012541827,24982.485
JINDALSTEL.NS,out_of_sample,2024-10-17,2024-10-30,-0.045312859922709704,-0.043146831172526365,-1130.3957647375003,24946.467
AUBANK.NS,validation,2024-10-23,2024-11-05,-0.04229467847725978,-0.0401256884397648,-1053.7275365695352,24913.95075
CIPLA.NS,out_of_sample,2024-10-31,2024-11-13,-0.0385159570080706,-0.03634969571168555,-961.869824342529,24973.281181640625
HINDALCO.NS,out_of_sample,2024-11-08,2024-11-25,0.004094580621073519,0.0062782669151893004,101.92615074919098,24892.94025
AARTIIND.NS,out_of_sample,2024-11-14,2024-11-29,0.04122734927121076,0.04342161740848893,1026.3318140185493,24894.441
ADANIENT.NS,out_of_sample,2024-11-26,2024-12-09,0.09776911138813987,0.09997708600027616,2437.781072791777,24934.06187475586
HDFCLIFE.NS,validation,2024-12-03,2024-12-16,-0.021988651614063826,-0.019792710067001187,-540.716087563608,24590.68873590088
GODREJCP.NS,out_of_sample,2024-12-10,2024-12-23,-0.05337186599404447,-0.05120338061057973,-1327.4880009062515,24872.43
NTPC.NS,out_of_sample,2024-12-17,2024-12-31,-0.056584677441519134,-0.054402752892269396,-1394.943575385111,24652.32
CANFINHOME.NS,out_of_sample,2024-12-24,2025-01-07,-0.02306377796914145,-0.02088166308906507,-571.9054116939077,24796.69256524658
DEEPAKNTR.NS,out_of_sample,2025-01-01,2025-01-14,-0.06739695259151371,-0.06506376909201644,-1517.189649025713,22511.25
APOLLOTYRE.NS,out_of_sample,2025-01-09,2025-01-22,-0.09845903890601912,-0.09629555691783206,-2436.853154261369,24749.91815213013
BHEL.NS,out_of_sample,2025-01-15,2025-01-28,-0.060764857732075114,-0.05859946849655421,-1512.2815990034112,24887.4375
AXISBANK.NS,out_of_sample,2025-01-23,2025-02-04,0.06045531456648011,0.06266016656784372,1500.283389318226,24816.402
ATUL.NS,out_of_sample,2025-01-29,2025-02-10,-0.036749355369074796,-0.03457920253336701,-915.8179448259017,24920.653318359375
TATACHEM.NS,out_of_sample,2025-02-05,2025-02-18,-0.06999587041273467,-0.0678265717066688,-1734.9342047401763,24786.236595245362
ALKEM.NS,out_of_sample,2025-02-11,2025-02-24,-0.04363925724877737,-0.041410658762159346,-1048.0732778105803,24016.753352050782
AUBANK.NS,out_of_sample,2025-02-19,2025-03-05,0.08253150479199944,0.08475297578809833,2035.1710756077148,24659.323500000002
CUB.NS,out_of_sample,2025-02-25,2025-03-11,-0.023986882048842514,-0.021811352918351817,-597.1342699641538,24894.201286697386
BAJAJ-AUTO.NS,out_of_sample,2025-03-06,2025-03-20,0.054721948045215026,0.05709476500888709,1228.7387423187502,22454.2215
INDUSINDBK.NS,out_of_sample,2025-03-12,2025-03-26,0.036385967126421996,0.038599252445484705,894.4502139023366,24582.285000000003
METROPOLIS.NS,out_of_sample,2025-04-02,2025-04-17,0.07361005471961048,0.0758261604657275,1818.3114796404927,24701.944409179687
VOLTAS.NS,out_of_sample,2025-04-03,2025-04-21,-0.012750267336047892,-0.010508279694739057,-305.39402072499905,23951.97
SYNGENE.NS,out_of_sample,2025-04-25,2025-05-09,-0.06601132992905658,-0.06384841837043077,-1643.8435129351851,24902.445
CROMPTON.NS,out_of_sample,2025-05-05,2025-05-16,0.07362815205097241,0.07583861443511372,1825.1232007624997,24788.388
ASIANPAINT.NS,out_of_sample,2025-05-12,2025-05-23,-0.010001758983705623,-0.0077130962415788325,-233.1575048125012,23311.65
CHAMBLFERT.NS,out_of_sample,2025-05-19,2025-05-30,-0.12470439061871144,-0.12252964426877473,-3050.921162031251,24465.2265
ABFRL.NS,out_of_sample,2025-05-26,2025-06-06,-0.14123267683430346,-0.13909753244217365,-3530.5191817888044,24997.89185424042
APOLLOTYRE.NS,out_of_sample,2025-06-05,2025-06-18,-0.038085010376377425,-0.035915370567299605,-949.1795529729582,24922.654440490725
GMRAIRPORT.NS,out_of_sample,2025-06-13,2025-06-26,0.05181981890169371,0.054014424811635514,1292.202969413161,24936.462473258973
AUROPHARMA.NS,out_of_sample,2025-06-19,2025-07-02,0.043215365300458414,0.04544653532185081,1052.0420266249996,24344.166
PHOENIXLTD.NS,out_of_sample,2025-07-02,2025-07-15,-0.0394363357615869,-0.03725682368230788,-976.6162468621844,24764.376
ANGELONE.NS,out_of_sample,2025-07-09,2025-07-22,0.03720529842630489,0.03940411440430795,922.9294032663945,24806.397
ABB.NS,out_of_sample,2025-07-16,2025-07-29,-0.009018041743660946,-0.006662681498052651,-202.39385874999925,22443.216
AARTIIND.NS,out_of_sample,2025-07-23,2025-08-05,-0.09654678437493751,-0.09439677835238221,-2410.4379708429196,24966.527745574953
ABCAPITAL.NS,out_of_sample,2025-07-30,2025-08-12,0.05820383157866119,0.06041252068362132,1440.403221740222,24747.5670015564
AARTIIND.NS,out_of_sample,2025-08-06,2025-08-20,0.019644121949150325,0.02184839028283713,484.14738749049087,24645.91640917969
ASTRAL.NS,out_of_sample,2025-08-13,2025-08-28,0.06590513787185587,0.0681526862486249,1594.8445934914314,24199.093500000003
BEL.NS,out_of_sample,2025-08-21,2025-09-04,-0.005035922738525193,-0.0028377232295381154,-124.03633315000171,24630.309
ANGELONE.NS,out_of_sample,2025-08-29,2025-09-11,-0.03166008948443616,-0.029484771787766928,-787.1754443529658,24863.336054054264
MFSL.NS,out_of_sample,2025-09-18,2025-10-01,0.05075544044712777,0.05297034472987718,1249.6143734621817,24620.304
SONACOMS.NS,out_of_sample,2025-09-23,2025-10-07,-0.025948102116033024,-0.0237798743953269,-648.6764296490203,24998.99325
DELHIVERY.NS,validation,2025-10-03,2025-10-16,0.023156421863448046,0.025350761860628616,574.5826275048266,24813.10069807434
DMART.NS,out_of_sample,2025-10-08,2025-10-21,-0.011003324394713349,-0.008573413641611387,-236.96498087500294,21535.7625
TMPV.NS,out_of_sample,2025-10-17,2025-10-31,0.029507819481656223,0.031717036140445694,726.3025192020493,24613.900042785648
DALBHARAT.NS,out_of_sample,2025-10-24,2025-11-07,-0.05353040223948718,-0.051275242487305826,-1263.327830923899,23600.193125244143
BANDHANBNK.NS,out_of_sample,2025-11-03,2025-11-17,-0.015280733344605179,-0.013103839178944006,-380.6713472233222,24911.850670944215
ADANIENT.NS,out_of_sample,2025-11-10,2025-11-21,0.045516945048643516,0.047837749121267904,1051.168872356355,23094.01193847656
TMPV.NS,out_of_sample,2025-11-18,2025-12-01,-0.028579214873415266,-0.026388221435382785,-704.103621957567,24636.91270303345
DLF.NS,out_of_sample,2025-11-24,2025-12-05,-0.01140153026041267,-0.009208053033728285,-281.32398135994293,24674.230119506836
LODHA.NS,out_of_sample,2025-12-02,2025-12-15,-0.035572457925368894,-0.03339457156958333,-882.4245135624972,24806.397
AARTIIND.NS,out_of_sample,2025-12-08,2025-12-19,0.0065462054766152284,0.008729893009866848,163.02568567354174,24903.84486950684
PIIND.NS,out_of_sample,2025-12-16,2025-12-30,-0.021120521490360197,-0.01878813604265577,-479.25293411506993,22691.34
ATGL.NS,out_of_sample,2025-12-24,2026-01-07,0.007623500731566278,0.009809242725783963,189.64854028234947,24876.83112524414
ANGELONE.NS,out_of_sample,2025-12-31,2026-01-13,0.023434490003527944,0.02562019927891322,584.6405457068222,24947.867251167296
CUMMINSIND.NS,out_of_sample,2026-01-08,2026-01-21,-0.039127883684890744,-0.03695711179590934,-974.3016765341355,24900.443999999996
ADANIENSOL.NS,out_of_sample,2026-01-14,2026-01-28,-0.06230801905046563,-0.060109219669780806,-1518.7069340874973,24374.180999999997
AARTIIND.NS,out_of_sample,2026-01-22,2026-02-05,0.3220577054679668,0.3243273278489765,8044.512921050616,24978.483
BDL.NS,out_of_sample,2026-02-06,2026-02-19,-0.002393794615950501,-0.00016575796622787884,-57.92311035826555,24197.19301409912
HAL.NS,out_of_sample,2026-02-06,2026-02-19,0.02168635091235508,0.02392166139228007,524.6381530432762,24192.09
INOXWIND.NS,out_of_sample,2026-02-20,2026-03-06,-0.1340648409757612,-0.1319274904857057,-3351.0353397152044,24995.631332759855
PERSISTENT.NS,out_of_sample,2026-02-23,2026-03-09,-0.06422444480425893,-0.06170352985420977,-1308.2635010628192,20370.18
ABFRL.NS,out_of_sample,2026-03-09,2026-03-20,-0.023574017266800307,-0.021404023548498477,-588.928105777642,24982.085111434935
AMBUJACEM.NS,out_of_sample,2026-03-10,2026-03-23,-0.14229706447573004,-0.1401497011314027,-3529.507362888852,24803.796029754638
CYIENT.NS,out_of_sample,2026-03-24,2026-04-09,0.08839613645230734,0.09063236749088542,2162.3661790270444,24462.225000000002
SUNPHARMA.NS,out_of_sample,2026-04-13,2026-04-27,0.04372606936084285,0.045924843760944974,1085.9768158412433,24835.912116394044
HCLTECH.NS,out_of_sample,2026-04-23,2026-05-06,-0.081782343217369,-0.07959905658771274,-2005.4874748738432,24522.255
INFY.NS,out_of_sample,2026-04-28,2026-05-11,0.008565808159529818,0.010781312172875169,209.25333368514507,24428.90732409668
DALBHARAT.NS,out_of_sample,2026-05-12,2026-05-25,0.024703226243423825,0.026897354717796546,613.2132421877654,24823.204716064454
KALYANKJIL.NS,out_of_sample,2026-05-12,2026-05-25,-0.06237144742067605,-0.060195981390002186,-1542.1563224110294,24725.357293853765
CONCOR.NS,out_of_sample,2026-05-28,2026-06-10,-0.06034390512016494,-0.05815774834825591,-1482.7631449519088,24571.879164916994
ONGC.NS,out_of_sample,2026-05-28,2026-06-10,-0.08435723005958135,-0.08220272235066642,-2104.7987794479977,24951.01816360474
HDFCLIFE.NS,out_of_sample,2026-06-11,2026-06-24,0.07944614002527067,0.08167106378161015,1953.861872210933,24593.540625
BSOFT.NS,out_of_sample,2026-06-26,2026-07-09,-0.08948823749132553,-0.08733646162974609,-2234.5731990356658,24970.580063690184
INOXWIND.NS,out_of_sample,2026-07-14,2026-07-27,-0.03542522897522076,-0.03325848954432972,-884.9110446810186,24979.68454346466
HFCL.NS,out_of_sample,2026-07-28,2026-08-10,0.13494761876846376,0.13716955008849813,3357.960367503657,24883.4355
BLUESTARCO.NS,out_of_sample,2026-08-11,2026-08-24,-0.01181913831537323,-0.00959897178865879,-286.8851309553463,24272.931181640626
TATACHEM.NS,out_of_sample,2026-08-25,2026-09-07,-0.03315267689755198,-0.030964540498182046,-817.5557537609467,24660.324
